timestamp_ISO8601,md5_hash
2023-08-08T11:30:01.739515,ac4984917f9a2195c37c6cd008d56ab1
2023-08-08T15:52:05.515850,ac4984917f9a2195c37c6cd008d56ab1
2023-08-08T17:48:47.757955,ac4984917f9a2195c37c6cd008d56ab1
2023-08-08T18:02:45.098605,ac4984917f9a2195c37c6cd008d56ab1
2023-08-09T02:17:09.632558,ac4984917f9a2195c37c6cd008d56ab1
2023-08-10T02:19:24.058230,ac4984917f9a2195c37c6cd008d56ab1
2023-08-11T02:08:08.627209,018789d72c7aec7c96c0a3604c308034
2023-08-12T02:07:04.304244,018789d72c7aec7c96c0a3604c308034
2023-08-13T02:08:53.260971,018789d72c7aec7c96c0a3604c308034
2023-08-14T02:09:03.634296,018789d72c7aec7c96c0a3604c308034
2023-08-15T02:08:47.011518,018789d72c7aec7c96c0a3604c308034
2023-08-16T02:08:48.647078,018789d72c7aec7c96c0a3604c308034
2023-08-17T02:07:40.077399,b7d929ec5554cae3d85fd55fc07d1551
2023-08-18T02:08:49.189797,04d3c66145255ee3bba2d98f1300628f
2023-08-19T02:06:27.091420,a48b80407d4c328b78d886f84f7f2bed
2023-08-20T02:08:41.952547,a48b80407d4c328b78d886f84f7f2bed
2023-08-21T02:08:49.167479,a48b80407d4c328b78d886f84f7f2bed
2023-08-22T02:09:30.756155,a48b80407d4c328b78d886f84f7f2bed
2023-08-23T02:08:42.976592,00612489846fc380970f7e40e671ab1f
2023-08-24T02:08:49.740805,4ce9bb9cc65f43dea399b4a33bfbec42
2023-08-25T02:10:14.128231,e793cc48660cf4f480d96e306fc4b4b1
2023-08-26T02:07:23.077799,e793cc48660cf4f480d96e306fc4b4b1
2023-08-27T02:10:19.767946,e793cc48660cf4f480d96e306fc4b4b1
2023-08-28T02:10:11.810339,e793cc48660cf4f480d96e306fc4b4b1
2023-08-29T02:37:33.007171,e793cc48660cf4f480d96e306fc4b4b1
2023-08-30T02:09:32.738020,c53dba5ad8d5cb147b0d5f5083d8cc74
2023-08-31T02:10:07.756122,c53dba5ad8d5cb147b0d5f5083d8cc74
2023-09-01T02:12:57.617468,ee6b92b6c6514b4a4f855b7c83b9c52f
2023-09-02T02:07:33.744382,ee6b92b6c6514b4a4f855b7c83b9c52f
2023-09-03T02:10:32.720373,ee6b92b6c6514b4a4f855b7c83b9c52f
2023-09-04T02:10:31.636847,c53dba5ad8d5cb147b0d5f5083d8cc74
2023-09-05T02:09:09.368738,c53dba5ad8d5cb147b0d5f5083d8cc74
2023-09-06T02:09:51.154744,ec6620e7b2f2c6c330e76e65b9305587
2023-09-07T02:09:44.326083,ec6620e7b2f2c6c330e76e65b9305587
2023-09-08T02:10:09.493851,d16c5d26008101fefb7e43d32367ca8c
2023-09-09T02:07:58.030213,d16c5d26008101fefb7e43d32367ca8c
2023-09-10T02:11:14.639659,d16c5d26008101fefb7e43d32367ca8c
2023-09-11T02:10:38.825604,d16c5d26008101fefb7e43d32367ca8c
2023-09-12T02:09:28.901538,d16c5d26008101fefb7e43d32367ca8c
2023-09-13T02:10:23.818530,d16c5d26008101fefb7e43d32367ca8c
2023-09-14T02:09:58.012851,887a26fd291e44179f819711815175bf
2023-09-15T02:11:17.847231,470e0dc266421bb670a3ebde5c9a24b5
2023-09-16T02:08:28.593969,470e0dc266421bb670a3ebde5c9a24b5
2023-09-17T02:11:16.241991,470e0dc266421bb670a3ebde5c9a24b5
2023-09-18T02:10:30.583441,470e0dc266421bb670a3ebde5c9a24b5
2023-09-19T02:11:36.909144,470e0dc266421bb670a3ebde5c9a24b5
2023-09-20T02:10:23.576337,b1d88d91f438476af86f0ccfcfb30777
2023-09-21T02:10:02.865326,b1d88d91f438476af86f0ccfcfb30777
2023-09-22T02:10:44.198073,ccff592475de87f403a16e7ac993abbc
2023-09-23T02:08:40.363039,ccff592475de87f403a16e7ac993abbc
2023-09-24T02:11:28.767214,ccff592475de87f403a16e7ac993abbc
2023-09-25T02:11:23.452945,ccff592475de87f403a16e7ac993abbc
2023-09-26T02:11:08.841523,ccff592475de87f403a16e7ac993abbc
2023-09-27T02:11:00.780678,ccff592475de87f403a16e7ac993abbc
2023-09-28T02:10:31.179529,ccff592475de87f403a16e7ac993abbc
2023-09-29T02:10:50.944708,fa092527d84271a91d31b3400f039b91
2023-09-30T02:09:23.193529,884180a8cbd2a9388d54feec4540a722
2023-10-01T02:15:25.144977,884180a8cbd2a9388d54feec4540a722
2023-10-02T02:11:23.614016,884180a8cbd2a9388d54feec4540a722
2023-10-03T02:11:17.072784,884180a8cbd2a9388d54feec4540a722
2023-10-04T02:11:48.657928,a90944bd72be9f482ad1ae4d453bb024
2023-10-05T02:12:34.425592,a90944bd72be9f482ad1ae4d453bb024
2023-10-06T02:11:07.714091,ad17c8815a7518afd9a8a0c3473923c7
2023-10-07T02:10:03.232212,ad17c8815a7518afd9a8a0c3473923c7
2023-10-08T02:12:35.671029,ad17c8815a7518afd9a8a0c3473923c7
2023-10-09T02:10:53.820331,ad17c8815a7518afd9a8a0c3473923c7
2023-10-10T02:10:44.654264,ad17c8815a7518afd9a8a0c3473923c7
2023-10-11T02:10:45.572574,ad17c8815a7518afd9a8a0c3473923c7
2023-10-12T02:10:03.288808,ad17c8815a7518afd9a8a0c3473923c7
2023-10-13T02:13:17.307223,7b1e90962c7b0f2c6520106292b5ad45
2023-10-14T02:09:14.258525,5b80d833da304773e5462a4a4e34185f
2023-10-15T02:12:45.560209,5b80d833da304773e5462a4a4e34185f
2023-10-16T02:12:19.475349,5b80d833da304773e5462a4a4e34185f
2023-10-17T02:11:38.649186,5b80d833da304773e5462a4a4e34185f
2023-10-18T02:11:32.894399,5b80d833da304773e5462a4a4e34185f
2023-10-19T02:11:09.990748,e4dee29b7cd43b6c48f23295c90e0fa5
2023-10-20T02:11:02.971446,1d49698756d7bf087fe0897f30be740c
2023-10-21T02:09:08.769156,42f0e0b7041ce75c521f531c544b5681
2023-10-22T02:13:01.351617,42f0e0b7041ce75c521f531c544b5681
2023-10-23T02:11:51.518173,42f0e0b7041ce75c521f531c544b5681
2023-10-24T02:11:03.977269,42f0e0b7041ce75c521f531c544b5681
2023-10-25T02:10:51.629913,42f0e0b7041ce75c521f531c544b5681
2023-10-26T02:10:14.883886,42f0e0b7041ce75c521f531c544b5681
2023-10-27T02:10:23.939608,8a742f51b2c67deeb0c85b8e6c152cb7
2023-10-28T02:09:02.495362,8a742f51b2c67deeb0c85b8e6c152cb7
2023-10-29T02:12:16.338092,ca38dbd81ad93ad668bd2efb619949a9
2023-10-30T02:11:59.991590,ca38dbd81ad93ad668bd2efb619949a9
2023-10-31T02:11:37.213105,c6598c68559fae5a750b254fc4c50489
2023-11-01T02:13:58.085962,0d71a0ab6798ab75c57ec7396eb12cdc
2023-11-02T02:11:19.035671,c23ebb7283c34b94afe3d1eee4f22aa2
2023-11-03T02:11:48.253848,b9d57cc3f28df265f904725ccc47442d
2023-11-04T02:10:45.353790,b9d57cc3f28df265f904725ccc47442d
2023-11-05T02:14:08.470779,b9d57cc3f28df265f904725ccc47442d
2023-11-06T02:14:11.211903,b9d57cc3f28df265f904725ccc47442d
2023-11-07T02:12:54.319357,7dbc667e63cb55063c52e72c3a358149
2023-11-08T02:12:18.260994,7dbc667e63cb55063c52e72c3a358149
2023-11-09T02:12:19.282089,7dbc667e63cb55063c52e72c3a358149
2023-11-10T02:12:20.102973,7dbc667e63cb55063c52e72c3a358149
2023-11-11T02:30:02.671063,7dbc667e63cb55063c52e72c3a358149
2023-11-12T02:14:49.247063,7dbc667e63cb55063c52e72c3a358149
2023-11-13T02:14:03.809771,7dbc667e63cb55063c52e72c3a358149
2023-11-14T02:12:54.378816,01155d585b3016cb57d404ee2fe8d19d
2023-11-15T02:15:01.885663,01155d585b3016cb57d404ee2fe8d19d
2023-11-16T02:15:36.869723,cc76509deb430f40b8a090263eed24b9
2023-11-17T02:15:24.578362,cc76509deb430f40b8a090263eed24b9
2023-11-18T02:13:51.072815,4114c29c7d844a42f53826217911b76a
2023-11-19T02:16:45.520108,4114c29c7d844a42f53826217911b76a
2023-11-20T02:15:56.219697,4114c29c7d844a42f53826217911b76a
2023-11-21T02:17:10.515775,4114c29c7d844a42f53826217911b76a
2023-11-22T02:16:59.994481,4114c29c7d844a42f53826217911b76a
2023-11-23T02:14:49.281213,4114c29c7d844a42f53826217911b76a
2023-11-24T02:13:20.597303,4114c29c7d844a42f53826217911b76a
2023-11-25T02:11:56.590585,4114c29c7d844a42f53826217911b76a
2023-11-26T02:16:07.116580,4114c29c7d844a42f53826217911b76a
2023-11-27T02:15:14.658082,4114c29c7d844a42f53826217911b76a
2023-11-28T02:16:06.184024,7b3bbeb2d6549b53d9b800245803b444
2023-11-29T02:15:17.903871,7b3bbeb2d6549b53d9b800245803b444
2023-11-30T02:15:18.550298,e6f0b47b15f878c64818be07b927318d
2023-12-01T02:18:19.626398,c921be4fc5bd369e99c3af22c0361d09
2023-12-02T02:12:28.076675,e6f0b47b15f878c64818be07b927318d
2023-12-03T02:16:06.042638,e6f0b47b15f878c64818be07b927318d
2023-12-04T02:16:15.126947,e6f0b47b15f878c64818be07b927318d
2023-12-05T02:16:33.000571,e8973ae6490bbc4a6f288591a24c31ee
2023-12-06T02:15:52.325910,69cfb7a951cc63307f8719995cc346c2
2023-12-07T02:15:59.710331,69cfb7a951cc63307f8719995cc346c2
2023-12-08T02:16:19.321812,69cfb7a951cc63307f8719995cc346c2
2023-12-09T02:13:34.257214,69cfb7a951cc63307f8719995cc346c2
2023-12-10T02:16:53.698836,69cfb7a951cc63307f8719995cc346c2
2023-12-11T02:16:16.542143,69cfb7a951cc63307f8719995cc346c2
2023-12-12T02:16:37.735330,4b7b55a2c51870ec175d77e0346c7579
2023-12-13T02:16:18.937071,14f1a47628e0e412db66d79e1d69313a
2023-12-14T02:14:50.364207,14f1a47628e0e412db66d79e1d69313a
2023-12-15T02:16:26.413080,14f1a47628e0e412db66d79e1d69313a
2023-12-16T02:13:54.712258,e3720119a6fc7cce730e325b580a6bf4
2023-12-17T02:16:50.130686,e3720119a6fc7cce730e325b580a6bf4
2023-12-18T02:16:07.504883,e3720119a6fc7cce730e325b580a6bf4
2023-12-19T02:15:11.858438,e3720119a6fc7cce730e325b580a6bf4
2023-12-20T02:05:12.839055,987af8ea375b621aa21b8d36156d52ae
2023-12-21T02:14:22.661664,987af8ea375b621aa21b8d36156d52ae
2023-12-22T02:13:21.490602,987af8ea375b621aa21b8d36156d52ae
2023-12-23T02:11:25.613995,987af8ea375b621aa21b8d36156d52ae
2023-12-24T02:15:34.760297,987af8ea375b621aa21b8d36156d52ae
2023-12-25T02:14:57.843559,987af8ea375b621aa21b8d36156d52ae
2023-12-26T02:12:36.668141,987af8ea375b621aa21b8d36156d52ae
2023-12-27T02:12:36.627670,987af8ea375b621aa21b8d36156d52ae
2023-12-28T02:12:51.069404,987af8ea375b621aa21b8d36156d52ae
2023-12-29T02:10:28.581514,987af8ea375b621aa21b8d36156d52ae
2023-12-30T02:12:29.606754,987af8ea375b621aa21b8d36156d52ae
2023-12-31T02:16:08.930166,987af8ea375b621aa21b8d36156d52ae
2024-01-01T02:18:12.289685,987af8ea375b621aa21b8d36156d52ae
2024-01-02T02:15:22.941926,987af8ea375b621aa21b8d36156d52ae
2024-01-03T02:14:00.935394,987af8ea375b621aa21b8d36156d52ae
2024-01-04T02:14:27.205515,987af8ea375b621aa21b8d36156d52ae
2024-01-05T02:15:08.356324,987af8ea375b621aa21b8d36156d52ae
2024-01-06T02:13:49.419051,987af8ea375b621aa21b8d36156d52ae
2024-01-07T02:17:32.050685,987af8ea375b621aa21b8d36156d52ae
2024-01-08T02:16:23.958328,987af8ea375b621aa21b8d36156d52ae
2024-01-09T02:16:35.354660,9991cbb030968d87c62bb8db99254706
2024-01-10T02:16:39.831924,a4b42aabeda1779e82d94c8e60226911
2024-01-11T02:16:33.980427,9991cbb030968d87c62bb8db99254706
2024-01-12T02:16:51.382650,9991cbb030968d87c62bb8db99254706
2024-01-13T02:15:16.701192,006c631f37a1c128a9f3c8213605ba07
2024-01-14T02:17:49.927110,006c631f37a1c128a9f3c8213605ba07
2024-01-15T02:17:33.220181,006c631f37a1c128a9f3c8213605ba07
2024-01-16T02:16:34.952936,006c631f37a1c128a9f3c8213605ba07
2024-01-17T02:16:34.141184,006c631f37a1c128a9f3c8213605ba07
2024-01-18T02:16:26.823974,006c631f37a1c128a9f3c8213605ba07
2024-01-19T02:17:01.664606,006c631f37a1c128a9f3c8213605ba07
2024-01-20T02:14:55.545069,006c631f37a1c128a9f3c8213605ba07
2024-01-21T02:18:00.215208,006c631f37a1c128a9f3c8213605ba07
2024-01-22T02:18:13.076244,006c631f37a1c128a9f3c8213605ba07
2024-01-23T02:16:58.833466,006c631f37a1c128a9f3c8213605ba07
2024-01-24T02:16:59.998135,006c631f37a1c128a9f3c8213605ba07
2024-01-25T02:17:25.532260,006c631f37a1c128a9f3c8213605ba07
2024-01-26T02:11:37.449480,006c631f37a1c128a9f3c8213605ba07
2024-01-27T02:08:44.795452,60ee78becbc4dacfabd52969dfd77c36
2024-01-28T02:11:22.803645,60ee78becbc4dacfabd52969dfd77c36
2024-01-29T02:10:15.278244,60ee78becbc4dacfabd52969dfd77c36
2024-01-30T02:09:51.822886,711a141bd45226092851d6e1144b2114
2024-01-31T02:10:27.088412,711a141bd45226092851d6e1144b2114
2024-02-01T02:12:54.361721,9b2ff7e4f77c602fb864956699806095
2024-02-02T02:09:46.257255,091899dbd9af7c3475ae983110c6158b
2024-02-03T02:08:11.138624,091899dbd9af7c3475ae983110c6158b
2024-02-04T02:12:48.452140,091899dbd9af7c3475ae983110c6158b
2024-02-05T02:15:01.302821,091899dbd9af7c3475ae983110c6158b
2024-02-06T02:10:12.215744,091899dbd9af7c3475ae983110c6158b
2024-02-07T02:09:16.423512,091899dbd9af7c3475ae983110c6158b
2024-02-08T02:09:31.222632,091899dbd9af7c3475ae983110c6158b
2024-02-09T02:09:35.350219,091899dbd9af7c3475ae983110c6158b
2024-02-10T02:08:14.176353,091899dbd9af7c3475ae983110c6158b
2024-02-11T02:11:49.028049,091899dbd9af7c3475ae983110c6158b
2024-02-12T02:11:08.838843,091899dbd9af7c3475ae983110c6158b
2024-02-13T02:10:08.671052,091899dbd9af7c3475ae983110c6158b
2024-02-14T02:10:10.434851,091899dbd9af7c3475ae983110c6158b
2024-02-15T02:10:22.482618,9b84c104a91cb1e652361f9f7ccc20a3
2024-02-16T02:10:05.143322,9b84c104a91cb1e652361f9f7ccc20a3
2024-02-17T02:09:28.955652,9b84c104a91cb1e652361f9f7ccc20a3
2024-02-18T02:11:35.455264,9b84c104a91cb1e652361f9f7ccc20a3
2024-02-19T02:11:22.472156,9b84c104a91cb1e652361f9f7ccc20a3
2024-02-20T02:09:22.968330,9b84c104a91cb1e652361f9f7ccc20a3
2024-02-21T02:10:06.093567,9b84c104a91cb1e652361f9f7ccc20a3
2024-02-22T02:09:40.101379,9b84c104a91cb1e652361f9f7ccc20a3
2024-02-23T02:09:51.565366,9b84c104a91cb1e652361f9f7ccc20a3
2024-02-24T02:08:00.709739,9b84c104a91cb1e652361f9f7ccc20a3
2024-02-25T02:11:52.058189,9b84c104a91cb1e652361f9f7ccc20a3
2024-02-26T02:11:51.228395,9b84c104a91cb1e652361f9f7ccc20a3
2024-02-27T02:09:24.373944,9b84c104a91cb1e652361f9f7ccc20a3
2024-02-28T02:09:51.963705,9b84c104a91cb1e652361f9f7ccc20a3
2024-02-29T02:08:59.170793,9b84c104a91cb1e652361f9f7ccc20a3
2024-03-01T02:13:04.397755,9b84c104a91cb1e652361f9f7ccc20a3
2024-03-02T02:08:14.116560,9b84c104a91cb1e652361f9f7ccc20a3
2024-03-03T02:11:30.114600,9b84c104a91cb1e652361f9f7ccc20a3
2024-03-04T02:33:13.870017,9b84c104a91cb1e652361f9f7ccc20a3
2024-03-05T02:09:41.729431,9b84c104a91cb1e652361f9f7ccc20a3
2024-03-06T02:09:50.219873,9b84c104a91cb1e652361f9f7ccc20a3
2024-03-07T02:04:53.267844,e5a9af2196975cdac8adb1aa6ab3abed
2024-03-08T02:10:01.091231,e5a9af2196975cdac8adb1aa6ab3abed
2024-03-09T02:07:17.505888,e5a9af2196975cdac8adb1aa6ab3abed
2024-03-10T02:12:58.392039,e5a9af2196975cdac8adb1aa6ab3abed
2024-03-11T02:11:06.194028,e5a9af2196975cdac8adb1aa6ab3abed
2024-03-12T02:09:41.073187,e5a9af2196975cdac8adb1aa6ab3abed
2024-03-13T02:11:09.326331,e5a9af2196975cdac8adb1aa6ab3abed
2024-03-14T02:09:49.974250,e5a9af2196975cdac8adb1aa6ab3abed
2024-03-15T02:10:41.873220,3f4bebee618c03ad3a2137db33ca0b9a
2024-03-16T02:09:26.913387,3f4bebee618c03ad3a2137db33ca0b9a
2024-03-17T02:11:07.561921,3f4bebee618c03ad3a2137db33ca0b9a
2024-03-18T02:10:15.507066,3f4bebee618c03ad3a2137db33ca0b9a
2024-03-19T02:10:24.512526,3f4bebee618c03ad3a2137db33ca0b9a
2024-03-20T02:10:01.712906,3f4bebee618c03ad3a2137db33ca0b9a
2024-03-21T02:11:22.721019,3f4bebee618c03ad3a2137db33ca0b9a
2024-03-22T02:09:56.481872,3f4bebee618c03ad3a2137db33ca0b9a
2024-03-23T02:10:14.550621,3f4bebee618c03ad3a2137db33ca0b9a
2024-03-24T02:13:11.944061,3f4bebee618c03ad3a2137db33ca0b9a
2024-03-25T02:11:42.834343,3f4bebee618c03ad3a2137db33ca0b9a
2024-03-26T02:10:05.260383,3f4bebee618c03ad3a2137db33ca0b9a
2024-03-27T02:10:16.667096,3f4bebee618c03ad3a2137db33ca0b9a
2024-03-28T02:12:41.636753,16a10e2a02c02d1f7af3455a2daa28ae
2024-03-29T02:10:15.911413,a582fe7f4bb0e77a9e59851f69584c48
2024-03-30T02:08:26.446716,a582fe7f4bb0e77a9e59851f69584c48
2024-03-31T02:13:00.265631,a582fe7f4bb0e77a9e59851f69584c48
2024-04-01T02:16:34.108632,a582fe7f4bb0e77a9e59851f69584c48
2024-04-02T02:12:34.954240,a582fe7f4bb0e77a9e59851f69584c48
2024-04-03T02:11:28.333798,a582fe7f4bb0e77a9e59851f69584c48
2024-04-04T02:11:55.052743,a582fe7f4bb0e77a9e59851f69584c48
2024-04-05T02:10:56.906819,a582fe7f4bb0e77a9e59851f69584c48
2024-04-06T02:09:58.610365,9043863bdcb3ab6ebcd6a66b8f2b84d0
2024-04-07T02:13:01.532200,9043863bdcb3ab6ebcd6a66b8f2b84d0
2024-04-08T02:12:10.612863,9043863bdcb3ab6ebcd6a66b8f2b84d0
2024-04-09T02:11:22.963159,9043863bdcb3ab6ebcd6a66b8f2b84d0
2024-04-10T02:11:33.438072,9043863bdcb3ab6ebcd6a66b8f2b84d0
2024-04-11T02:12:18.157486,9043863bdcb3ab6ebcd6a66b8f2b84d0
2024-04-12T02:12:49.537118,9043863bdcb3ab6ebcd6a66b8f2b84d0
2024-04-13T02:05:30.345651,8491064535aa7f7fb8824d59de9a3311
2024-04-14T02:45:54.000401,8491064535aa7f7fb8824d59de9a3311
2024-04-15T03:04:33.503280,8491064535aa7f7fb8824d59de9a3311
2024-04-16T02:11:27.570236,00bfded280af4e3ac825cd0e90d408ec
2024-04-17T02:12:18.437185,00bfded280af4e3ac825cd0e90d408ec
2024-04-18T02:11:40.983702,00bfded280af4e3ac825cd0e90d408ec
2024-04-19T02:13:35.367153,00bfded280af4e3ac825cd0e90d408ec
2024-04-20T02:11:16.708591,e333147e62055ba7f9538f3075828c47
2024-04-21T02:14:15.686591,e333147e62055ba7f9538f3075828c47
2024-04-22T02:13:41.945766,e333147e62055ba7f9538f3075828c47
2024-04-23T02:13:37.538469,e333147e62055ba7f9538f3075828c47
2024-04-24T02:12:45.152274,e333147e62055ba7f9538f3075828c47
2024-04-25T02:13:20.267270,e333147e62055ba7f9538f3075828c47
2024-04-26T02:12:38.475732,e333147e62055ba7f9538f3075828c47
2024-04-27T02:12:30.384085,e333147e62055ba7f9538f3075828c47
2024-04-28T02:16:18.893974,e333147e62055ba7f9538f3075828c47
2024-04-29T02:13:49.490863,e333147e62055ba7f9538f3075828c47
2024-04-30T02:12:30.415907,7bb71e321ccdd50480f6051890860fde
2024-05-01T02:16:23.970156,122d3a3040a09c1172d4dd2fc7fadc8f
2024-05-02T02:12:55.488061,122d3a3040a09c1172d4dd2fc7fadc8f
2024-05-03T02:15:03.038909,122d3a3040a09c1172d4dd2fc7fadc8f
2024-05-04T02:11:49.536457,122d3a3040a09c1172d4dd2fc7fadc8f
2024-05-05T02:15:23.465447,122d3a3040a09c1172d4dd2fc7fadc8f
2024-05-06T02:15:26.277493,122d3a3040a09c1172d4dd2fc7fadc8f
2024-05-07T02:16:53.201591,122d3a3040a09c1172d4dd2fc7fadc8f
2024-05-08T02:06:07.567092,122d3a3040a09c1172d4dd2fc7fadc8f
2024-05-09T02:16:20.034276,1ce730e82943b4d9ba2e0ce5561ca4ee
2024-05-10T02:17:05.861157,e430868bc0b87d4f5787d6a4061483e6
2024-05-11T02:12:47.241393,e430868bc0b87d4f5787d6a4061483e6
2024-05-12T02:16:35.801199,e430868bc0b87d4f5787d6a4061483e6
2024-05-13T02:16:41.555534,e430868bc0b87d4f5787d6a4061483e6
2024-05-14T02:14:31.516136,e430868bc0b87d4f5787d6a4061483e6
2024-05-15T02:17:10.736935,e430868bc0b87d4f5787d6a4061483e6
2024-05-16T02:15:34.421082,a708d47b4d54b0052625ee01152ca58b
2024-05-17T02:15:05.354466,a708d47b4d54b0052625ee01152ca58b
2024-05-18T02:15:05.222044,a708d47b4d54b0052625ee01152ca58b
2024-05-19T02:16:55.988581,a708d47b4d54b0052625ee01152ca58b
2024-05-20T02:16:41.821982,a708d47b4d54b0052625ee01152ca58b
2024-05-21T02:15:21.786408,a708d47b4d54b0052625ee01152ca58b
2024-05-22T02:16:08.211488,a708d47b4d54b0052625ee01152ca58b
2024-05-23T02:15:42.335434,a708d47b4d54b0052625ee01152ca58b
2024-05-24T02:16:21.497811,a708d47b4d54b0052625ee01152ca58b
2024-05-25T02:14:50.588095,a708d47b4d54b0052625ee01152ca58b
2024-05-26T02:17:24.590727,db80c1862ae1738df495f79abdbc9891
2024-05-27T02:16:41.001766,db80c1862ae1738df495f79abdbc9891
2024-05-28T02:16:43.890267,db80c1862ae1738df495f79abdbc9891
2024-05-29T02:17:28.975035,db80c1862ae1738df495f79abdbc9891
2024-05-30T02:16:49.955403,db80c1862ae1738df495f79abdbc9891
2024-05-31T02:16:47.737283,db80c1862ae1738df495f79abdbc9891
2024-06-01T02:17:41.325262,db80c1862ae1738df495f79abdbc9891
2024-06-02T02:18:14.785469,db80c1862ae1738df495f79abdbc9891
2024-06-03T02:17:18.949996,db80c1862ae1738df495f79abdbc9891
2024-06-04T02:17:00.331866,db80c1862ae1738df495f79abdbc9891
2024-06-05T02:17:06.208486,db80c1862ae1738df495f79abdbc9891
2024-06-06T02:21:46.892220,db80c1862ae1738df495f79abdbc9891
2024-06-07T02:17:56.630650,db80c1862ae1738df495f79abdbc9891
2024-06-08T02:16:48.725417,db80c1862ae1738df495f79abdbc9891
2024-06-09T02:19:17.743327,db80c1862ae1738df495f79abdbc9891
2024-06-10T02:18:32.012532,db80c1862ae1738df495f79abdbc9891
2024-06-11T02:17:41.694902,db80c1862ae1738df495f79abdbc9891
2024-06-12T02:17:42.141033,db80c1862ae1738df495f79abdbc9891
2024-06-13T02:17:26.723275,795d2407596e55eae860f700f956d8df
2024-06-14T02:17:35.508809,795d2407596e55eae860f700f956d8df
2024-06-15T02:17:06.975247,795d2407596e55eae860f700f956d8df
2024-06-16T02:19:23.398937,795d2407596e55eae860f700f956d8df
2024-06-17T02:18:53.527887,795d2407596e55eae860f700f956d8df
2024-06-18T02:17:49.093860,795d2407596e55eae860f700f956d8df
2024-06-19T02:18:02.210813,795d2407596e55eae860f700f956d8df
2024-06-20T02:16:53.838139,795d2407596e55eae860f700f956d8df
2024-06-21T02:17:07.075162,795d2407596e55eae860f700f956d8df
2024-06-22T02:16:25.294568,525e6bfaa98d3efa1d18d1ebd3d1fd7e
2024-06-23T02:18:37.420766,525e6bfaa98d3efa1d18d1ebd3d1fd7e
2024-06-24T02:18:16.272093,525e6bfaa98d3efa1d18d1ebd3d1fd7e
2024-06-25T02:17:41.791661,525e6bfaa98d3efa1d18d1ebd3d1fd7e
2024-06-26T02:17:23.969556,525e6bfaa98d3efa1d18d1ebd3d1fd7e
2024-06-27T02:17:28.643380,525e6bfaa98d3efa1d18d1ebd3d1fd7e
2024-06-28T02:18:00.090598,f3f045eac99f06093106e02dc0bbdfb9
2024-06-29T02:16:55.487628,f3f045eac99f06093106e02dc0bbdfb9
2024-06-30T02:19:45.156029,f3f045eac99f06093106e02dc0bbdfb9
2024-07-01T02:21:49.614499,f3f045eac99f06093106e02dc0bbdfb9
2024-07-02T02:18:00.667973,f3f045eac99f06093106e02dc0bbdfb9
2024-07-03T02:17:26.458165,f3f045eac99f06093106e02dc0bbdfb9
2024-07-04T02:17:49.791309,f3f045eac99f06093106e02dc0bbdfb9
2024-07-05T02:17:28.306668,ebe72efccb67f24e43838df68eda8f5f
2024-07-06T02:16:36.532050,ebe72efccb67f24e43838df68eda8f5f
2024-07-07T02:19:49.127914,ebe72efccb67f24e43838df68eda8f5f
2024-07-08T02:18:44.293001,ebe72efccb67f24e43838df68eda8f5f
2024-07-09T02:18:28.224352,6e21ab2f45792fb398b1c28006235bc7
2024-07-10T02:18:17.123887,6e21ab2f45792fb398b1c28006235bc7
2024-07-11T02:19:14.920628,6e21ab2f45792fb398b1c28006235bc7
2024-07-12T02:17:55.586905,dd9e751ce112af7574f3b370ca53ce29
2024-07-13T02:17:41.435274,dd9e751ce112af7574f3b370ca53ce29
2024-07-14T02:23:12.014295,dd9e751ce112af7574f3b370ca53ce29
2024-07-15T02:20:50.821580,dd9e751ce112af7574f3b370ca53ce29
2024-07-16T02:19:05.822794,dd9e751ce112af7574f3b370ca53ce29
2024-07-17T02:18:52.254428,dd9e751ce112af7574f3b370ca53ce29
2024-07-18T02:18:16.484088,dd9e751ce112af7574f3b370ca53ce29
2024-07-19T02:18:27.140783,dd9e751ce112af7574f3b370ca53ce29
2024-07-20T02:17:12.988239,dd9e751ce112af7574f3b370ca53ce29
2024-07-21T02:19:59.803332,dd9e751ce112af7574f3b370ca53ce29
2024-07-22T02:20:32.723491,dd9e751ce112af7574f3b370ca53ce29
2024-07-23T02:18:47.530413,dd9e751ce112af7574f3b370ca53ce29
2024-07-24T02:18:44.519422,dd9e751ce112af7574f3b370ca53ce29
2024-07-25T02:18:50.259886,dd9e751ce112af7574f3b370ca53ce29
2024-07-26T02:18:42.249913,dd9e751ce112af7574f3b370ca53ce29
2024-07-27T02:17:39.602728,ec721552e521a159f62f1ed9d6042b68
2024-07-28T02:20:26.591613,ec721552e521a159f62f1ed9d6042b68
2024-07-29T02:20:01.322117,ec721552e521a159f62f1ed9d6042b68
2024-07-30T02:18:50.292955,ec721552e521a159f62f1ed9d6042b68
2024-07-31T02:06:28.910463,ec721552e521a159f62f1ed9d6042b68
2024-08-01T02:22:53.438089,ec721552e521a159f62f1ed9d6042b68
2024-08-02T02:18:55.434312,ec721552e521a159f62f1ed9d6042b68
2024-08-03T02:17:55.276767,ec721552e521a159f62f1ed9d6042b68
2024-08-04T02:20:52.014809,ec721552e521a159f62f1ed9d6042b68
2024-08-05T02:19:54.838185,ec721552e521a159f62f1ed9d6042b68
2024-08-06T02:19:12.732675,ec721552e521a159f62f1ed9d6042b68
2024-08-07T02:20:07.555786,ec721552e521a159f62f1ed9d6042b68
2024-08-08T02:19:51.654176,ec721552e521a159f62f1ed9d6042b68
2024-08-09T02:20:02.127581,ec721552e521a159f62f1ed9d6042b68
2024-08-10T02:19:23.374218,ec721552e521a159f62f1ed9d6042b68
2024-08-11T02:22:37.513550,ec721552e521a159f62f1ed9d6042b68
2024-08-12T02:20:59.833748,ec721552e521a159f62f1ed9d6042b68
2024-08-13T02:20:16.769525,ec721552e521a159f62f1ed9d6042b68
2024-08-14T02:19:52.267442,ec721552e521a159f62f1ed9d6042b68
2024-08-15T02:16:35.775290,ec721552e521a159f62f1ed9d6042b68
2024-08-16T02:19:31.989416,547886d91fe8a3a769261ac452cce5f7
2024-08-17T02:18:11.811833,547886d91fe8a3a769261ac452cce5f7
2024-08-18T02:20:44.899062,547886d91fe8a3a769261ac452cce5f7
2024-08-19T02:20:38.827203,547886d91fe8a3a769261ac452cce5f7
2024-08-20T02:19:30.242320,547886d91fe8a3a769261ac452cce5f7
2024-08-21T02:19:38.441423,547886d91fe8a3a769261ac452cce5f7
2024-08-22T02:20:20.257230,547886d91fe8a3a769261ac452cce5f7
2024-08-23T02:19:54.158314,547886d91fe8a3a769261ac452cce5f7
2024-08-24T02:19:17.145826,7852bdaea2802d288c955384a57e9d0c
2024-08-25T02:23:06.432814,7852bdaea2802d288c955384a57e9d0c
2024-08-26T02:20:17.365700,7852bdaea2802d288c955384a57e9d0c
2024-08-27T02:20:46.619421,7852bdaea2802d288c955384a57e9d0c
2024-08-28T02:21:26.344304,7852bdaea2802d288c955384a57e9d0c
2024-08-29T02:22:25.798609,7852bdaea2802d288c955384a57e9d0c
2024-08-30T02:23:05.255481,7852bdaea2802d288c955384a57e9d0c
2024-08-31T02:22:01.251282,7852bdaea2802d288c955384a57e9d0c
2024-09-01T02:29:57.259629,7852bdaea2802d288c955384a57e9d0c
2024-09-02T02:25:14.785709,7852bdaea2802d288c955384a57e9d0c
2024-09-03T02:22:18.160982,7852bdaea2802d288c955384a57e9d0c
2024-09-04T02:23:05.976957,a2a5f06bfb4fcf0323c7ebb738e6924d
2024-09-05T02:23:44.830725,7852bdaea2802d288c955384a57e9d0c
2024-09-06T02:23:24.482170,7852bdaea2802d288c955384a57e9d0c
2024-09-07T02:21:30.647734,7852bdaea2802d288c955384a57e9d0c
2024-09-08T02:27:02.256464,96cf9e2a6fd1f5e55dca380ee45f5452
2024-09-09T02:26:11.669895,96cf9e2a6fd1f5e55dca380ee45f5452
2024-09-10T02:24:37.387589,96cf9e2a6fd1f5e55dca380ee45f5452
2024-09-11T02:23:42.516276,20b5ea2dc27c65698b7d7efd6b6bda95
2024-09-12T02:24:16.027538,96cf9e2a6fd1f5e55dca380ee45f5452
2024-09-13T02:24:56.467667,96cf9e2a6fd1f5e55dca380ee45f5452
2024-09-14T02:22:59.325634,96cf9e2a6fd1f5e55dca380ee45f5452
2024-09-15T02:29:13.293468,96cf9e2a6fd1f5e55dca380ee45f5452
2024-09-16T02:29:33.573091,96cf9e2a6fd1f5e55dca380ee45f5452
2024-09-17T02:12:28.674445,96cf9e2a6fd1f5e55dca380ee45f5452
2024-09-18T02:24:51.293933,96cf9e2a6fd1f5e55dca380ee45f5452
2024-09-19T02:26:18.099207,9d27830121963ffba67a504fccfd0f63
2024-09-20T02:26:00.046763,9d27830121963ffba67a504fccfd0f63
2024-09-21T02:24:19.548693,9d27830121963ffba67a504fccfd0f63
2024-09-22T02:29:42.221992,3502381fcc1532bdd056ad8c02cbd3b9
2024-09-23T02:28:08.125458,9d27830121963ffba67a504fccfd0f63
2024-09-24T02:28:09.447776,9d27830121963ffba67a504fccfd0f63
2024-09-25T02:28:42.081230,9d27830121963ffba67a504fccfd0f63
2024-09-26T02:27:42.421024,9d27830121963ffba67a504fccfd0f63
2024-09-27T02:28:20.099849,496abac74d83ec6df23059dac689c025
2024-09-28T02:26:47.962606,496abac74d83ec6df23059dac689c025
2024-09-29T02:30:20.120783,496abac74d83ec6df23059dac689c025
2024-09-30T02:30:37.355002,496abac74d83ec6df23059dac689c025
2024-10-01T02:31:41.306527,496abac74d83ec6df23059dac689c025
2024-10-02T02:27:54.482350,496abac74d83ec6df23059dac689c025
2024-10-03T02:28:07.360073,3f4fb27c04b058afb7ba0c3471b09139
2024-10-04T02:28:15.857062,d40db7dacfb289603c33aca235d184ab
2024-10-05T02:26:33.825468,d40db7dacfb289603c33aca235d184ab
2024-10-06T02:30:09.213682,d40db7dacfb289603c33aca235d184ab
2024-10-07T02:29:34.708697,d40db7dacfb289603c33aca235d184ab
2024-10-08T02:29:31.985497,d40db7dacfb289603c33aca235d184ab
2024-10-09T02:28:02.894348,d40db7dacfb289603c33aca235d184ab
2024-10-10T02:28:07.428647,d40db7dacfb289603c33aca235d184ab
2024-10-11T02:27:40.669843,e0efce1aa211a33a3b17b58c81a5b416
2024-10-12T02:25:36.804030,e0efce1aa211a33a3b17b58c81a5b416
2024-10-13T02:29:49.666412,e0efce1aa211a33a3b17b58c81a5b416
2024-10-14T02:29:31.906449,e0efce1aa211a33a3b17b58c81a5b416
2024-10-15T02:28:48.314982,e0efce1aa211a33a3b17b58c81a5b416
2024-10-16T02:29:16.404004,e0efce1aa211a33a3b17b58c81a5b416
2024-10-17T02:28:22.969511,e0efce1aa211a33a3b17b58c81a5b416
2024-10-18T02:28:49.082906,e0efce1aa211a33a3b17b58c81a5b416
2024-10-19T02:26:54.297391,bdf070a20eaf760c448c502839a9ee20
2024-10-20T02:31:02.580115,bdf070a20eaf760c448c502839a9ee20
2024-10-21T02:29:52.865832,bdf070a20eaf760c448c502839a9ee20
2024-10-22T02:28:37.364300,bdf070a20eaf760c448c502839a9ee20
2024-10-23T02:28:15.629649,bdf070a20eaf760c448c502839a9ee20
2024-10-24T02:28:15.033424,bdf070a20eaf760c448c502839a9ee20
2024-10-25T02:28:53.667137,45c4ca70cfdc61564cd1b89969492c78
2024-10-26T02:25:50.123805,45c4ca70cfdc61564cd1b89969492c78
2024-10-27T02:30:35.426527,45c4ca70cfdc61564cd1b89969492c78
2024-10-28T02:30:30.722667,45c4ca70cfdc61564cd1b89969492c78
2024-10-29T02:29:07.079087,45c4ca70cfdc61564cd1b89969492c78
2024-10-30T02:28:53.467906,f120e06a748735ade068d12bf545d0e7
2024-10-31T02:29:17.006757,cd37cbc523afc0a2f2af261299faccc2
2024-11-01T02:32:05.854538,135e535475e640409d49af931ed6e039
2024-11-02T02:26:31.893351,135e535475e640409d49af931ed6e039
2024-11-03T02:30:26.629315,135e535475e640409d49af931ed6e039
2024-11-04T02:30:28.554148,135e535475e640409d49af931ed6e039
2024-11-05T02:26:49.423485,135e535475e640409d49af931ed6e039
2024-11-06T02:26:12.410353,cace8aaa910a17c354302a97de121d3e
2024-11-07T02:26:46.479135,cace8aaa910a17c354302a97de121d3e
2024-11-08T02:27:05.760554,cace8aaa910a17c354302a97de121d3e
2024-11-09T02:23:48.026000,cace8aaa910a17c354302a97de121d3e
2024-11-10T02:28:37.321638,cace8aaa910a17c354302a97de121d3e
2024-11-11T02:28:08.168329,cace8aaa910a17c354302a97de121d3e
2024-11-12T02:25:37.907111,cace8aaa910a17c354302a97de121d3e
2024-11-13T02:27:29.125602,9110fe212529c88a41104b518f6cbfed
2024-11-14T02:27:57.190738,9110fe212529c88a41104b518f6cbfed
2024-11-15T02:31:02.380794,910fc39670a65a9b4ffd4a0fdaf923f4
2024-11-16T02:29:26.247516,910fc39670a65a9b4ffd4a0fdaf923f4
2024-11-17T02:32:10.142071,910fc39670a65a9b4ffd4a0fdaf923f4
2024-11-18T02:32:10.337111,910fc39670a65a9b4ffd4a0fdaf923f4
2024-11-19T02:31:03.611207,910fc39670a65a9b4ffd4a0fdaf923f4
2024-11-20T02:30:33.544746,d4416c769f7db344d531f1a437fa0d3d
2024-11-21T02:30:27.280586,70c42a8716940e57657b94ea4cdd9134
2024-11-22T02:30:57.988898,70c42a8716940e57657b94ea4cdd9134
2024-11-23T02:28:46.150132,8d0b9472a4b0ba571c836e65f4fd9035
2024-11-24T02:32:29.630673,8d0b9472a4b0ba571c836e65f4fd9035
2024-11-25T02:32:03.149630,8d0b9472a4b0ba571c836e65f4fd9035
2024-11-26T02:31:19.480646,8d0b9472a4b0ba571c836e65f4fd9035
2024-11-27T02:32:17.215344,8d0b9472a4b0ba571c836e65f4fd9035
2024-11-28T02:32:04.784140,8d0b9472a4b0ba571c836e65f4fd9035
2024-11-29T02:32:04.334966,8d0b9472a4b0ba571c836e65f4fd9035
2024-11-30T02:29:45.144626,8d0b9472a4b0ba571c836e65f4fd9035
2024-12-01T02:37:55.457386,8d0b9472a4b0ba571c836e65f4fd9035
2024-12-02T02:33:32.491128,8d0b9472a4b0ba571c836e65f4fd9035
2024-12-03T02:32:49.640816,8d0b9472a4b0ba571c836e65f4fd9035
2024-12-04T02:32:56.836232,8d0b9472a4b0ba571c836e65f4fd9035
2024-12-05T02:33:08.301786,8d0b9472a4b0ba571c836e65f4fd9035
2024-12-06T02:32:33.871456,8d0b9472a4b0ba571c836e65f4fd9035
2024-12-07T02:31:40.612845,8d0b9472a4b0ba571c836e65f4fd9035
2024-12-08T02:34:31.019393,8d0b9472a4b0ba571c836e65f4fd9035
2024-12-09T02:33:55.826674,8d0b9472a4b0ba571c836e65f4fd9035
2024-12-10T02:33:38.930343,8d0b9472a4b0ba571c836e65f4fd9035
2024-12-11T02:32:41.733612,c2151ffc2face8155837e6d99efc3dde
2024-12-12T02:32:41.160268,c2151ffc2face8155837e6d99efc3dde
2024-12-13T02:33:26.589636,c2151ffc2face8155837e6d99efc3dde
2024-12-14T02:30:54.679370,c2151ffc2face8155837e6d99efc3dde
2024-12-15T02:34:34.435160,c2151ffc2face8155837e6d99efc3dde
2024-12-16T02:34:03.323935,c2151ffc2face8155837e6d99efc3dde
2024-12-17T02:32:33.386619,657151fbafbe9485b0794dcbfabbabb7
2024-12-18T02:30:50.629460,c2151ffc2face8155837e6d99efc3dde
2024-12-19T02:31:08.331981,680c7d8e692c8a1b95339c86eacd316e
2024-12-20T02:28:03.576260,680c7d8e692c8a1b95339c86eacd316e
2024-12-21T02:25:40.147498,74086395d98abf45ed2016ca111d21a9
2024-12-22T02:30:01.398943,74086395d98abf45ed2016ca111d21a9
2024-12-23T02:28:40.582062,74086395d98abf45ed2016ca111d21a9
2024-12-24T02:27:35.866060,136aee32a4f3a88b9d6c84b5f1006052
2024-12-25T02:26:35.759254,93e59634a3864685c29f104a4096c012
2024-12-26T02:27:03.354789,93e59634a3864685c29f104a4096c012
2024-12-27T02:27:38.191063,93e59634a3864685c29f104a4096c012
2024-12-28T02:25:11.055265,93e59634a3864685c29f104a4096c012
2024-12-29T02:30:32.158518,93e59634a3864685c29f104a4096c012
2024-12-30T02:29:01.994762,93e59634a3864685c29f104a4096c012
2024-12-31T02:26:53.043665,93e59634a3864685c29f104a4096c012
2025-01-01T02:31:01.428334,93e59634a3864685c29f104a4096c012
2025-01-02T02:26:59.461983,93e59634a3864685c29f104a4096c012
2025-01-03T02:27:55.009191,93e59634a3864685c29f104a4096c012
2025-01-04T02:25:34.938571,93e59634a3864685c29f104a4096c012
2025-01-05T02:30:08.882971,93e59634a3864685c29f104a4096c012
2025-01-06T02:29:54.428976,93e59634a3864685c29f104a4096c012
2025-01-07T02:28:27.051582,93e59634a3864685c29f104a4096c012
2025-01-08T02:27:38.878006,93e59634a3864685c29f104a4096c012
2025-01-09T02:38:02.457517,93e59634a3864685c29f104a4096c012
2025-01-10T02:29:11.114259,9d42304295522cfd93ab88eb8aa2672e
2025-01-11T02:27:12.364193,7170a2e12bc6fa8048e2babfe4c28c36
2025-01-12T02:31:15.785968,7170a2e12bc6fa8048e2babfe4c28c36
2025-01-13T02:47:59.725947,7170a2e12bc6fa8048e2babfe4c28c36
2025-01-14T02:23:40.148425,a06ea1c6e2911e10e7baef06aa7349e8
2025-01-15T02:25:20.427432,7170a2e12bc6fa8048e2babfe4c28c36
2025-01-16T02:24:26.892925,7170a2e12bc6fa8048e2babfe4c28c36
2025-01-17T02:23:59.608571,7170a2e12bc6fa8048e2babfe4c28c36
2025-01-18T02:21:48.878859,7170a2e12bc6fa8048e2babfe4c28c36
2025-01-19T02:28:19.553317,7170a2e12bc6fa8048e2babfe4c28c36
2025-01-20T02:26:42.582423,7170a2e12bc6fa8048e2babfe4c28c36
2025-01-21T02:25:08.200495,953a13e78a5278e609279d1ecdb318b1
2025-01-22T02:26:49.423136,04e051c1924f3ae8b54a3ea52501bd06
2025-01-23T02:25:05.813382,e060f36a6565f09d9da415c9980f3c48
2025-01-24T02:25:31.284263,c5bab31cd265661d6d64f144cac099a7
2025-01-25T02:21:19.519808,7bf2bc5305840f2220176b37eebdaac6
2025-01-26T02:26:33.904017,9c960bc57ddffcef61b54cfe3dfedce2
2025-01-27T02:26:21.078262,b4f139d4a0402b60e1f0ec5238be9996
2025-01-28T02:24:50.032873,76ce005dbf16321d3357dc850c9e4a5e
2025-01-29T02:24:20.836941,30ceb29d5672d36f3ae9aa41e06d82cd
2025-01-30T02:23:44.205229,b9ecb8391349290e9765854373a87abf
2025-01-31T02:24:48.214700,0d07de5286507d418dd801df96a629fc
2025-02-01T02:27:23.230258,7afc9ed44d28768be80a6ab0673653dd
2025-02-02T02:26:37.701021,b823ed4bcaf7e0b8f880c2086d6c28bf
2025-02-03T02:25:50.996729,c7bd0865642e68fbbf3c696771a26489
2025-02-04T02:25:07.891999,8672aed835aeec68894037cb22d42afe
2025-02-05T02:26:17.610480,bb65b170a038be9fcb121e3d97058272
2025-02-06T02:26:40.810852,93d6ceabc6ad96646fe1915462b4cc1b
2025-02-07T02:27:08.409246,0c3a9b16778058c6806adc28b315418f
2025-02-08T02:23:35.297101,d24c158dc5d91538b9004b0a69b96a59
2025-02-09T02:28:03.339725,a4634fccc20f0ce002a252544473fc36
2025-02-10T02:27:42.680121,1094551dd6d62b21609cb213b1141ea0
2025-02-11T02:27:20.832994,4ed47edcf0ca7f3b95985e3f9860b7cb
2025-02-12T02:26:32.729605,7050420bbddb4d00d9466fd1663afe7a
2025-02-13T02:27:00.955542,85b882696a287fa71943db95d8c9c993
2025-02-14T02:27:00.838218,4634fc2e799e99d5693f48690615b98e
2025-02-15T02:26:04.403518,8bcd8acab882669784da1465ac93e35e
2025-02-16T02:29:34.760502,0b84b118950aca7472a57d003bd2008b
2025-02-17T02:28:57.418361,5159ff981b189abb1707da06637094f1
2025-02-18T02:26:18.409895,085ff69fcfbcf427389c43300ec1d71d
2025-02-19T02:27:25.878956,60407b9bb4190ce3817cdda1e0e6d175
2025-02-20T02:27:38.195217,aa718404decb2c4a51a288bd5618230c
2025-02-21T02:27:56.350235,d546b0781aa286928d6a8803bcbe7da8
2025-02-22T02:24:58.556060,e6ad26eabb3320f04ef4910ced5708e5
2025-02-23T02:29:42.150732,655903d6ae6b920775e7faa2dc37259b
2025-02-24T02:29:53.252133,60b67f8f069d63152ca14844d308fcf4
2025-02-25T02:29:01.910591,31bc4b78a27ef91fd52986944a40a4f9
2025-02-26T02:28:52.322216,9d0c56884ab12cb9f05e23c07588ddfc
2025-02-27T02:29:21.629736,b5c5f51a6712ae7043636f9abf3829e7
2025-02-28T02:29:40.131836,ec12cdf78f72b21b9ee9eb493867e7cf
2025-03-01T02:31:20.758415,316ddb15964b1ec8d2457a5a4f5ba27e
2025-03-02T02:30:34.646173,877821a3d533f6a6a2c0b35511499351
2025-03-03T02:30:25.417673,1ec647203a21db854f551e5968e6316e
2025-03-04T02:30:11.774227,5d340be169d8d0abbb3801631a6e2f71
2025-03-05T02:29:51.140430,eaf3b5fd11ae4a6924e103ba72471155
2025-03-06T02:30:32.021775,1212c42741b6f803723e2bc67df64817
2025-03-07T02:30:30.445487,898896fc648517e6c93f9dc53b28a217
2025-03-08T02:15:43.651723,d15f5fcc3138bcd5c024d5d96f090107
2025-03-09T02:17:56.505587,caed8eb572391a35435cb3f35fbafe45
2025-03-10T02:18:50.338894,7d2b24cb4e80c1cf280fd7767f5c700d
2025-03-11T02:30:31.034307,6a72b7c43ffabff24b8d56e53f92fe92
2025-03-12T02:30:06.773885,6a72b7c43ffabff24b8d56e53f92fe92
2025-03-13T02:31:06.223435,8c2903033915052f7aabea4e8646c0fa
2025-03-14T02:30:03.667941,8c2903033915052f7aabea4e8646c0fa
2025-03-15T02:28:53.178326,2ea542d5f7fe06d29285d036dcc3ba97
2025-03-16T02:32:13.634424,2ea542d5f7fe06d29285d036dcc3ba97
2025-03-17T02:32:22.034929,2ea542d5f7fe06d29285d036dcc3ba97
2025-03-18T02:31:43.091949,2dd130b96074fff57981a4c84373d217
2025-03-19T02:31:12.813229,2dd130b96074fff57981a4c84373d217
2025-03-20T02:30:47.434213,64bc53deef34837377d010f48eadc481
2025-03-21T02:31:43.552645,d63233515f07164d6c7632d2e8ee466e
2025-03-22T02:29:35.564278,c11f673554f288dd62728eeb2482195b
2025-03-23T02:33:20.425163,c11f673554f288dd62728eeb2482195b
2025-03-24T02:33:35.413398,c11f673554f288dd62728eeb2482195b
2025-03-25T02:32:14.399153,fa31c25eefa1d4b8cc1e335ae456ac27
2025-03-26T02:31:38.700909,e929a0dbae651d3f3d3ee43fd7e51354
2025-03-27T02:32:15.400973,b3d7f7733cad0ba53d0eba3526de0e5b
2025-03-28T02:32:18.829540,6b55e294e88d4533d23ad2c332af367f
2025-03-29T02:30:51.415557,6b55e294e88d4533d23ad2c332af367f
2025-03-30T02:34:28.814960,6b55e294e88d4533d23ad2c332af367f
2025-03-31T02:34:29.163607,6b55e294e88d4533d23ad2c332af367f
2025-04-01T02:36:02.299310,58c51efe46b31480f20f82bcf75fca15
2025-04-02T02:32:48.146396,58c51efe46b31480f20f82bcf75fca15
2025-04-03T02:32:15.353804,58c51efe46b31480f20f82bcf75fca15
2025-04-04T02:32:12.358084,58c51efe46b31480f20f82bcf75fca15
2025-04-05T02:31:00.401190,50132a79ea0a9bc3aed74ac1697ba2c9
2025-04-06T02:33:30.064019,50132a79ea0a9bc3aed74ac1697ba2c9
2025-04-07T02:33:41.547418,50132a79ea0a9bc3aed74ac1697ba2c9
2025-04-08T02:32:30.158843,2985e03aeb72412e4097fea170defd37
2025-04-09T02:33:03.732715,40b7ce2872ee8a9dfed805c22c3d7776
2025-04-10T02:32:31.862586,fbe8b9ce157acd00053db317563736ac
2025-04-11T02:32:56.432282,dc0b01ac62bee7d347a8f7ac3f1b1be9
2025-04-12T02:31:31.264931,3193f759c48f29bf6b4468565c83c365
2025-04-13T03:03:05.485709,a391b37caf567facb38bb38949472607
2025-04-14T02:34:33.749673,a391b37caf567facb38bb38949472607
2025-04-15T02:33:53.711107,df667858858c25fe819765c46ebbabb0
2025-04-16T02:33:40.922560,0d9d82443dc73599fb9721cc63cafab9
2025-04-17T02:33:16.251132,6fb691d963e780e9f26efeedfdf2391a
2025-04-18T02:32:20.869974,c810f18587c6108f44a0bca4de5ffe26
2025-04-19T02:30:44.518284,0fc496e91f5806d28631d869808a541a
2025-04-20T02:34:41.758146,0fc496e91f5806d28631d869808a541a
2025-04-21T02:35:34.186966,0fc496e91f5806d28631d869808a541a
2025-04-22T02:33:17.915393,4faee78687cda8c1f749f22163d60b8d
2025-04-23T02:33:38.929107,f25f4ac9aa569310b554eaa7122c17c8
2025-04-24T02:34:18.084071,d946713ec549c0282c97c910052da225
2025-04-25T02:34:06.763660,d946713ec549c0282c97c910052da225
2025-04-26T02:31:57.964278,af741b6f4d5f78aa87792a5c990baab3
2025-04-27T02:34:56.589991,af741b6f4d5f78aa87792a5c990baab3
2025-04-28T02:35:30.855011,af741b6f4d5f78aa87792a5c990baab3
2025-04-29T02:34:04.443673,fc3e4f7492e04eee0cbc8869f89e97c6
2025-04-30T02:34:11.377780,fc3e4f7492e04eee0cbc8869f89e97c6
2025-05-01T02:37:12.754117,13894c47c55948c5159216212b3b7548
2025-05-02T02:34:28.634396,211ad7e387773119dad078eb146752d6
2025-05-03T02:32:52.956345,94fd7e5aafec98a9cce17b2c255054d4
2025-05-04T02:37:24.020392,94fd7e5aafec98a9cce17b2c255054d4
2025-05-05T02:36:26.210860,94fd7e5aafec98a9cce17b2c255054d4
2025-05-06T02:34:50.348875,05a35784580009a7388eb8843088fedd
2025-05-07T02:35:25.315893,d52bc1f6f426e8899e8c15d54d289bb2
2025-05-08T02:35:21.771707,d52bc1f6f426e8899e8c15d54d289bb2
2025-05-09T02:35:05.573877,b73155ca2b27c8e7177a1f9a56b8176e
2025-05-10T02:33:02.447913,94d896d3afbe8e9155b81ae1ec529999
2025-05-11T02:36:03.527079,94d896d3afbe8e9155b81ae1ec529999
2025-05-12T02:36:17.022717,94d896d3afbe8e9155b81ae1ec529999
2025-05-13T02:35:47.202077,3c770f40cafa1ed7da766731b34a72b0
2025-05-14T02:35:08.839387,e8310f8e98493724d3f30610456b6a19
2025-05-15T02:35:12.483081,377729b500c6fe94f37ff93541446f18
2025-05-16T02:35:49.598243,6d4920244f942a5e3c3a25ef1efabc80
2025-05-17T02:33:59.321827,0b9d25d2f896d9f56cbf8387456b55a3
2025-05-18T02:37:16.562807,8a6c2b7d66cab4cf1f086aa9db484940
2025-05-19T02:37:28.467929,8a6c2b7d66cab4cf1f086aa9db484940
2025-05-20T02:35:51.248993,6885e04efb236b7b34db1918d5a80ec7
2025-05-21T02:35:53.298486,7af4334f5c0e3072868782e786c2b50c
2025-05-22T02:35:41.483631,6fe2e3c7a0b8a67ce10f317e2342db4c
2025-05-23T02:35:28.356977,e667ddda355c8430cd1490cf5b11c556
2025-05-24T02:33:34.090575,7256d64238508512f0315f5f04841e03
2025-05-25T02:39:15.290093,7256d64238508512f0315f5f04841e03
2025-05-26T02:36:47.310971,7256d64238508512f0315f5f04841e03
2025-05-27T02:35:35.681235,7256d64238508512f0315f5f04841e03
2025-05-28T02:36:00.478029,7256d64238508512f0315f5f04841e03
2025-05-29T02:35:55.443749,4b1a490fe37787f7660eeacb015c43cb
2025-05-30T02:35:34.410272,fc79b251f0ca26e39900ee0c47717797
2025-05-31T02:34:35.971896,cb428b99a753b67d93ddca7cab164fe4
2025-06-01T02:47:55.058792,9727d60e761f877c6983e2a382595445
2025-06-02T02:39:01.984915,c8568e98a403216583078701efd4cd1c
2025-06-03T02:36:24.274026,833b9886fa3a6e882c7c064860601f4c
2025-06-04T02:36:32.128119,517d67fbdde7d6b85803bc9515b6120d
2025-06-05T02:36:37.929308,d67f8cd88187caf0641e2e7dda4ff56c
2025-06-06T02:36:25.361206,799475adf50c75a535bae2bc17df9920
2025-06-07T02:35:28.792258,61ac733c97ec182936a1755378e02f7f
2025-06-08T02:41:45.055270,61ac733c97ec182936a1755378e02f7f
2025-06-09T02:40:27.805318,61ac733c97ec182936a1755378e02f7f
2025-06-10T02:37:28.556853,24a853bda5d850e1cd4ee4bb4a564d6e
2025-06-11T02:36:45.476795,e8f60daa82a81bfcb7134d1bc2f7341f
2025-06-12T02:36:32.372378,2c6aa2d403b82b2c5aa57106f05db120
2025-06-13T02:37:03.753656,dff98920deb0e2b6dbc5f5612c9d534e
2025-06-14T02:35:48.235558,0d399fbc1be1fdfe5e2e0249df178d03
2025-06-15T02:42:51.092345,0d399fbc1be1fdfe5e2e0249df178d03
2025-06-16T02:39:52.991592,c76d0e94978328da8d27a54d1fecd5c5
2025-06-17T02:37:25.358202,45f4f23a6e4eaaa579cfa688516f031c
2025-06-18T02:36:41.712662,a53650b4d2eadf5f4f65bec583ac787d
2025-06-19T02:37:15.895983,0f2dd18e82d44089331fce865c1b241f
2025-06-20T02:36:57.129891,0f2dd18e82d44089331fce865c1b241f
2025-06-21T02:35:26.007969,4109e27418eeac9198d2bea31d6e4182
2025-06-22T02:43:12.871299,4109e27418eeac9198d2bea31d6e4182
2025-06-23T02:43:16.916701,4109e27418eeac9198d2bea31d6e4182
2025-06-24T02:37:55.454122,6d6556faec5d07eaad7fb3b20af0c02a
2025-06-25T02:38:26.846300,0285d829fa9000448f8ec078cf1edc48
