n_clusters,cluster_k,cluster_x,cluster_y,cluster_size,label_text,label_score
1,0,-1.5715479e-07,2.2028533e-07,710,neural network,0.4296
2,0,0.9648277,0.43427384,316,predict aerodynamic,0.4351
2,1,-0.77382135,-0.3483004,394,intelligence software,0.4939
3,0,0.9690069,0.4504422,311,predict aerodynamic,0.4351
3,1,-0.41487378,-1.4027069,155,predict suicide,0.476
3,2,-0.9715402,0.3169353,244,intelligence software,0.5106
4,0,-0.9682352,0.31293964,246,intelligence software,0.5106
4,1,1.0180937,1.1258627,159,tracking detectors,0.5386
4,2,0.83206993,-0.35001245,180,predict aerodynamic,0.4597
4,3,-0.58770996,-1.5439435,125,predict suicide,0.476
5,0,-0.9752127,0.3186503,243,intelligence software,0.5106
5,1,0.83795065,-0.4323138,162,cfd models,0.4506
5,2,-0.59438425,-1.5325365,126,predict suicide,0.476
5,3,1.0688295,1.9004031,42,environmental data,0.4911
5,4,0.95788443,0.77288777,137,aerial imagery,0.4631
6,0,-0.64403987,-1.6314096,109,predict suicide,0.476
6,1,-0.8408964,0.7547399,122,text analytics,0.49
6,2,0.99295765,0.7395275,140,aerial imagery,0.4631
6,3,-1.0490427,-0.13239889,134,form recognizer,0.5014
6,4,0.794211,-0.48996195,163,cfd models,0.4506
6,5,1.0688295,1.9004031,42,environmental data,0.4911
7,0,0.38705322,-0.81614316,56,intelligence tools,0.5105
7,1,-1.0258815,0.7492284,114,text analytics,0.4868
7,2,0.41936737,0.5457297,103,video surveillance,0.5766
7,3,-1.00074,-0.16858025,124,classifier tool,0.4853
7,4,-0.65890634,-1.6392784,107,predict suicide,0.476
7,5,1.2567736,1.3291283,101,remote sensing,0.4886
7,6,1.1403922,-0.3224119,105,computational fluid,0.4459
8,0,-0.84717095,-0.9250434,79,biomedicine more,0.5044
8,1,1.1452887,0.8565039,101,intelligent detectors,0.498
8,2,-1.1011754,0.4249464,192,intelligence software,0.5106
8,3,0.39306384,-0.83007956,55,cybersecurity monitoring,0.5919
8,4,1.0745205,1.9130306,41,environmental data,0.4911
8,5,1.3592044,-0.48071733,65,designing gas,0.4645
8,6,0.32720953,0.18674713,116,video surveillance,0.5808
8,7,-0.4803365,-1.9379334,61,health tracking,0.4871
9,0,-1.1815963,1.0883045,46,chatbot assistant,0.623
9,1,0.812568,-0.7699612,97,organic frameworks,0.4802
9,2,1.1955311,0.79086304,95,intelligent detectors,0.498
9,3,-0.745907,-0.4075632,78,grant applications,0.501
9,4,0.7132456,0.035480406,96,learning ml,0.4298
9,5,-1.4903382,0.10565495,68,form recognizer,0.5095
9,6,1.0097694,1.782787,51,classify coastal,0.508
9,7,-0.637331,-1.7118626,96,predict suicide,0.476
9,8,-0.44944018,0.5314258,83,video surveillance,0.5807
10,0,0.41383025,-0.71301305,68,ml tools,0.5218
10,1,1.4508386,0.7955724,61,accelerator data,0.4578
10,2,-0.7075663,-0.38988826,81,grant applications,0.501
10,3,-0.637331,-1.7118626,96,predict suicide,0.476
10,4,-0.6315639,0.5819732,83,spam mitigation,0.4612
10,5,0.500497,0.49298725,89,sensed data,0.4407
10,6,1.2611434,-0.41774368,79,designing gas,0.4645
10,7,-1.3199899,1.258085,28,chatbot assistant,0.6367
10,8,1.0001677,1.7605904,53,classify coastal,0.508
10,9,-1.4715142,0.11332384,72,form recognizer,0.5095
11,0,-0.77227056,-0.560884,69,natural language,0.4557
11,1,0.5848812,-0.0052641835,72,predict reservoir,0.484
11,2,0.6012828,0.89110726,69,video surveillance,0.5766
11,3,-1.0927906,1.0504446,56,chatbots analyze,0.5866
11,4,-1.4659386,0.09257928,72,form recognizer,0.5095
11,5,1.5361158,0.7670578,54,streamflow forecasting,0.5143
11,6,-0.6170331,-1.7571759,89,predict suicide,0.476
11,7,1.0803921,1.9255469,40,environmental data,0.4911
11,8,0.38335893,-0.854862,52,cybersecurity monitoring,0.5919
11,9,1.3569674,-0.50942683,62,designing gas,0.4645
11,10,-0.5184825,0.34781495,75,natural language,0.5013
12,0,0.5910534,-0.017884795,70,predict reservoir,0.5007
12,1,-0.91836005,-1.3289206,60,predict suicide,0.4904
12,2,-0.95462054,0.98108894,66,analyzes customer,0.5295
12,3,0.5327163,0.84903216,75,video surveillance,0.5766
12,4,-1.2236494,0.33084056,63,form recognizer,0.5119
12,5,-0.35392627,-1.9612854,50,vaccine,0.4074
12,6,1.3593194,-0.49927157,63,designing gas,0.4645
12,7,1.5367002,0.7790711,53,streamflow forecasting,0.5143
12,8,-0.62323874,-0.11529804,92,grants analytics,0.5355
12,9,1.0688295,1.9004031,42,environmental data,0.4911
12,10,-1.7918574,-0.20058268,24,payment forecasting,0.5207
12,11,0.38335893,-0.854862,52,cybersecurity monitoring,0.5919
13,0,1.0803921,1.9255469,40,environmental data,0.4911
13,1,-0.73413175,-0.2334875,75,grant classifier,0.4736
13,2,1.3621318,-0.5080075,62,designing gas,0.4645
13,3,-0.35392627,-1.9612854,50,vaccine,0.4074
13,4,-1.1429821,0.9087314,66,chatbots analyze,0.5621
13,5,1.5367002,0.7790711,53,streamflow forecasting,0.5143
13,6,0.35095215,-0.16539939,29,data management,0.4934
13,7,-1.5744386,0.04515752,55,intelligence software,0.4828
13,8,0.38335893,-0.854862,52,cybersecurity monitoring,0.5919
13,9,0.63477117,0.91501874,63,video surveillance,0.5766
13,10,-0.9207291,-1.3386457,59,predict suicide,0.4904
13,11,0.6832407,0.11352869,50,data machine,0.4137
13,12,-0.43335435,0.55726355,56,net segmentation,0.4898
14,0,-0.9512172,0.59743047,68,form recognizer,0.5119
14,1,1.5366952,0.7912788,52,streamflow forecasting,0.5143
14,2,-0.45252576,-1.9603215,57,health tracking,0.4871
14,3,0.38335893,-0.854862,52,cybersecurity monitoring,0.5919
14,4,-0.7438559,-0.2917068,65,grant applications,0.501
14,5,1.3077599,-0.31181425,48,designing gas,0.4645
14,6,0.6239906,0.8881056,65,video surveillance,0.5766
14,7,1.0745205,1.9130306,41,environmental data,0.4911
14,8,-0.8889493,-1.2558854,52,predict antimicrobial,0.4662
14,9,0.5765809,-0.006228665,71,predict reservoir,0.484
14,10,-1.6421891,0.007536653,47,payment forecasting,0.5198
14,11,-0.34370753,0.41293755,49,net segmentation,0.5267
14,12,-1.3333042,1.2933109,26,chatbot assistant,0.6894
14,13,1.5044599,-0.95761997,17,boiler health,0.5638
15,0,0.5750384,-0.7391939,28,models tools,0.4157
15,1,-0.38070324,0.68888164,43,net segmentation,0.538
15,2,1.0398527,1.6544783,27,drought monitoring,0.5549
15,3,-0.69120693,-0.28808245,72,grant applications,0.501
15,4,-0.35392627,-1.9612854,50,vaccine,0.4074
15,5,1.5361158,0.7670578,54,streamflow forecasting,0.5143
15,6,-1.6321882,0.006949658,48,payment forecasting,0.5198
15,7,1.3569674,-0.50942683,62,designing gas,0.4645
15,8,0.5856583,0.006690356,70,predict reservoir,0.484
15,9,-0.9365848,-1.3603957,56,predict suicide,0.4904
15,10,-1.3333042,1.2933109,26,chatbot assistant,0.6894
15,11,-0.94253147,0.46172595,68,form recognizer,0.5119
15,12,0.6183035,0.8734985,63,video surveillance,0.5766
15,13,1.0990993,2.2787373,16,monitor phytoplankton,0.4708
15,14,0.17003812,-0.9540406,27,cybersecurity monitoring,0.5417
16,0,-0.7166933,-0.31206408,67,grant applications,0.501
16,1,1.2984865,-0.33134145,46,designing gas,0.4645
16,2,1.0688295,1.9004031,42,environmental data,0.4911
16,3,-0.46965906,0.4072789,53,identify data,0.4994
16,4,0.5826021,-0.019060139,69,predict reservoir,0.5007
16,5,-0.92643267,-1.3568162,57,predict suicide,0.4904
16,6,1.6951363,0.9651952,31,marine forecasters,0.5272
16,7,0.531015,0.876574,62,video surveillance,0.5766
16,8,-1.2855226,0.2927895,53,form recognizer,0.5119
16,9,-0.8411984,0.84286535,31,intelligence spam,0.497
16,10,0.38335893,-0.854862,52,cybersecurity monitoring,0.5919
16,11,1.2265056,0.5623895,31,accelerator data,0.4918
16,12,-1.3333042,1.2933109,26,chatbot assistant,0.6894
16,13,-0.35392627,-1.9612854,50,vaccine,0.4074
16,14,1.5044599,-0.95761997,17,boiler health,0.5638
16,15,-1.8059158,-0.20772728,23,payment forecasting,0.5207
17,0,-1.6492085,-0.027036913,44,payment forecasting,0.5198
17,1,0.18859744,0.2136663,30,develop drone,0.4939
17,2,-0.8831053,-1.236852,52,predict antimicrobial,0.4662
17,3,1.4048353,-0.80127066,30,boiler environment,0.6165
17,4,1.0745205,1.9130306,41,environmental data,0.4911
17,5,-1.0772157,0.4840925,52,form recognizer,0.5119
17,6,-0.7949333,-2.0319414,24,predict suicide,0.4866
17,7,-0.7168863,-0.23998359,72,grant applications,0.501
17,8,1.1951772,0.597201,30,accelerator data,0.4918
17,9,0.38335893,-0.854862,52,cybersecurity monitoring,0.5919
17,10,0.66908693,-0.05779773,53,predict reservoir,0.5071
17,11,-0.5025429,0.66507286,50,net segmentation,0.5367
17,12,0.57267976,0.9314252,54,video surveillance,0.5766
17,13,-1.3333042,1.2933109,26,chatbot assistant,0.6894
17,14,1.6951363,0.9651952,31,marine forecasters,0.5272
17,15,-0.22935416,-1.9034299,34,google deepmind,0.4052
17,16,1.3200923,-0.20595723,35,designing gas,0.4645
18,0,-0.35392627,-1.9612854,50,vaccine,0.4074
18,1,1.3178463,-0.16682346,41,computational fluid,0.4442
18,2,0.9463344,0.7190779,45,intelligent detectors,0.4992
18,3,-1.2678225,0.32847914,57,form recognizer,0.5119
18,4,0.38335893,-0.854862,52,cybersecurity monitoring,0.5919
18,5,-0.39677235,0.06333433,39,identify compliance,0.5713
18,6,-0.92643267,-1.3568162,57,predict suicide,0.4904
18,7,1.6811657,0.94100666,33,marine forecasters,0.5272
18,8,1.0990993,2.2787373,16,monitor phytoplankton,0.4708
18,9,0.3341271,0.05205782,24,robotic inspection,0.4745
18,10,-0.723055,0.7028412,49,analyzes customer,0.5209
18,11,0.20154592,0.7730184,36,autonomous surveillance,0.5768
18,12,-1.7918574,-0.20058268,24,payment forecasting,0.5207
18,13,1.4200916,-0.8227553,28,boiler environment,0.6165
18,14,0.95738655,1.5365269,37,land cover,0.4433
18,15,0.70862883,-0.046209097,46,predict reservoir,0.4948
18,16,-1.3333042,1.2933109,26,chatbot assistant,0.6894
18,17,-0.82659805,-0.36774892,50,natural language,0.4557
19,0,-0.9362564,-0.16671152,38,grant classifier,0.4689
19,1,0.37495622,0.7271649,41,autonomous surveillance,0.5937
19,2,-0.92453617,-1.3314594,41,clinical data,0.5189
19,3,0.38335893,-0.854862,52,cybersecurity monitoring,0.5919
19,4,1.6811657,0.94100666,33,marine forecasters,0.5272
19,5,-1.034557,0.58177316,58,classify documents,0.5329
19,6,1.0990993,2.2787373,16,monitor phytoplankton,0.4708
19,7,1.3178463,-0.16682346,41,computational fluid,0.4442
19,8,-0.20966874,-1.8792812,31,google deepmind,0.4052
19,9,1.4200916,-0.8227553,28,boiler environment,0.6165
19,10,-1.6599851,-0.027059851,43,payment forecasting,0.5198
19,11,1.0398527,1.6544783,27,drought monitoring,0.5549
19,12,-0.4095141,0.6249416,36,random forests,0.4705
19,13,-1.3333042,1.2933109,26,chatbot assistant,0.6894
19,14,0.94338477,0.8174324,49,intelligent detectors,0.4992
19,15,0.60959476,-0.057509378,61,predict reservoir,0.4998
19,16,-0.38825014,-0.024595594,37,compliance tool,0.5439
19,17,-0.74208605,-2.0569463,26,predict suicide,0.4866
19,18,-0.73917,-0.74399745,26,datasets nlm,0.4785
20,0,0.38335893,-0.854862,52,cybersecurity monitoring,0.5919
20,1,-0.9432245,0.642154,44,automation with,0.5315
20,2,0.55056524,0.3925753,27,robotic inspection,0.4477
20,3,-1.1400746,-1.8872714,9,predict suicide,0.5453
20,4,1.6951363,0.9651952,31,marine forecasters,0.5272
20,5,-0.8491281,-0.39524296,44,citation system,0.5233
20,6,1.0803921,1.9255469,40,environmental data,0.4911
20,7,-0.17877118,-1.8720605,27,google deepmind,0.4132
20,8,-1.3333042,1.2933109,26,chatbot assistant,0.6894
20,9,-1.8059158,-0.20772728,23,payment forecasting,0.5207
20,10,1.3597461,-0.57817477,55,designing gas,0.4645
20,11,0.58430266,-0.11301616,53,predict reservoir,0.5055
20,12,-0.88637495,-1.2573558,48,predict antimicrobial,0.4662
20,13,-0.44304505,-0.11968725,28,compliance tool,0.5439
20,14,0.65500563,0.96996814,49,video surveillance,0.5307
20,15,-0.559543,-2.0660274,23,predict health,0.4085
20,16,1.2796447,0.41924402,35,trained microscopy,0.5288
20,17,-1.3338531,0.24645896,43,form recognizer,0.5119
20,18,-0.44876757,0.38519916,31,linkage algorithms,0.4852
20,19,-0.18003039,0.86366755,22,net segmentation,0.5032
21,0,0.52751285,0.34120542,26,robotic inspection,0.4296
21,1,-1.3436537,0.25036177,42,form recognizer,0.5119
21,2,-0.88515466,-1.2462972,51,predict antimicrobial,0.4662
21,3,1.0502021,1.6675823,26,drought monitoring,0.5549
21,4,1.2913208,-0.37970996,41,designing gas,0.4645
21,5,-1.3333042,1.2933109,26,chatbot assistant,0.6894
21,6,0.38335893,-0.854862,52,cybersecurity monitoring,0.5919
21,7,1.6951363,0.9651952,31,marine forecasters,0.5272
21,8,-0.47798792,0.19652298,37,text analytics,0.507
21,9,-0.22935416,-1.9034299,34,google deepmind,0.4052
21,10,-0.76050794,-0.33378968,56,natural language,0.4557
21,11,1.3281163,0.42237386,28,tracking detectors,0.4654
21,12,0.6736394,0.92256236,53,video surveillance,0.5766
21,13,-0.65122956,1.0116998,14,translation service,0.5484
21,14,1.5044599,-0.95761997,17,boiler health,0.5638
21,15,-1.8059158,-0.20772728,23,payment forecasting,0.5207
21,16,1.0990993,2.2787373,16,monitor phytoplankton,0.4708
21,17,-0.94751126,0.5810257,39,automation with,0.5315
21,18,-0.08485929,0.6701831,23,deepcnet based,0.4788
21,19,0.5970665,-0.12092752,51,predict reservoir,0.5055
21,20,-0.7949333,-2.0319414,24,predict suicide,0.4866
22,0,0.821282,0.7636771,25,track geometry,0.4616
22,1,-0.7871032,-0.28094932,58,grant applications,0.501
22,2,-0.35392627,-1.9612854,50,vaccine,0.4074
22,3,0.5750384,-0.7391939,28,models tools,0.4157
22,4,-0.9486832,0.64474714,43,automation with,0.5315
22,5,1.0502021,1.6675823,26,drought monitoring,0.5549
22,6,1.3718176,-0.75030804,35,boiler environment,0.5509
22,7,-0.787652,-1.1176702,34,predict antimicrobial,0.4588
22,8,1.6975545,0.9760854,30,marine forecasters,0.5272
22,9,-1.3436537,0.25036177,42,form recognizer,0.5119
22,10,-0.45074016,0.5561607,40,random forests,0.4557
22,11,0.2256726,0.6195917,24,robotic inspection,0.4552
22,12,-1.3333042,1.2933109,26,chatbot assistant,0.6894
22,13,1.3173419,0.5392697,22,tracking detectors,0.4654
22,14,1.3444892,-0.16619474,30,computational fluid,0.4539
22,15,0.6642532,-0.030596128,53,predict reservoir,0.4998
22,16,-1.8059158,-0.20772728,23,payment forecasting,0.5207
22,17,0.5696232,1.0319306,29,video surveillance,0.5307
22,18,0.19034411,-0.9462592,26,cybersecurity information,0.5778
22,19,-1.0892859,-1.6051713,26,predict suicide,0.4884
22,20,-0.0817415,-0.08010592,24,business intelligence,0.4928
22,21,1.0990993,2.2787373,16,monitor phytoplankton,0.4708
23,0,1.0502021,1.6675823,26,drought monitoring,0.5549
23,1,-0.71388626,-0.41978842,33,natural language,0.4557
23,2,0.6052961,-0.12733671,49,predict reservoir,0.5055
23,3,-0.76807874,-2.0408914,26,predict suicide,0.4866
23,4,-0.9595236,0.5890905,51,intelligence spam,0.5169
23,5,-1.3333042,1.2933109,26,chatbot assistant,0.6894
23,6,0.23794782,0.85766906,20,deepcnet based,0.4955
23,7,1.6951363,0.9651952,31,marine forecasters,0.5272
23,8,-0.89033747,-1.2636648,49,predict antimicrobial,0.4662
23,9,1.5044599,-0.95761997,17,boiler health,0.5638
23,10,-1.0192231,-0.21184082,22,citation system,0.5446
23,11,0.19034411,-0.9462592,26,cybersecurity information,0.5778
23,12,-1.8059158,-0.20772728,23,payment forecasting,0.5207
23,13,1.3281163,0.42237386,28,tracking detectors,0.4654
23,14,0.75758195,0.9311674,42,data nasa,0.4787
23,15,1.2913208,-0.37970996,41,designing gas,0.4645
23,16,-0.4009716,0.62763554,35,random forests,0.4705
23,17,0.55132604,0.34335327,26,robotic inspection,0.4296
23,18,-0.21582489,-1.8881259,32,google deepmind,0.4052
23,19,1.0990993,2.2787373,16,monitor phytoplankton,0.4708
23,20,0.57637376,-0.7634647,26,machine learning,0.4294
23,21,-0.37317917,0.0066699097,33,compliance tool,0.5381
23,22,-1.4275849,0.26947042,32,receipt analysis,0.4895
24,0,0.53501683,0.39152527,25,robotic inspection,0.5163
24,1,-0.8477569,-0.32094097,44,citation system,0.5237
24,2,0.57637376,-0.7634647,26,machine learning,0.4294
24,3,1.0502021,1.6675823,26,drought monitoring,0.5549
24,4,-0.78243166,-2.0444226,23,predict suicide,0.4866
24,5,-1.3333042,1.2933109,26,chatbot assistant,0.6894
24,6,1.3500253,0.4577551,27,tracking detectors,0.4654
24,7,-1.3436537,0.25036177,42,form recognizer,0.5119
24,8,0.79332227,-0.06276973,31,geochemically informed,0.5056
24,9,-0.84395677,-0.99026155,23,fdalabel tool,0.4684
24,10,1.2913208,-0.37970996,41,designing gas,0.4645
24,11,-0.22201324,0.7153487,34,net segmentation,0.5277
24,12,1.6975545,0.9760854,30,marine forecasters,0.5272
24,13,-1.8059158,-0.20772728,23,payment forecasting,0.5207
24,14,0.67315876,0.92840385,52,video surveillance,0.5632
24,15,-0.4281028,-0.0030513396,35,business intelligence,0.5349
24,16,-0.22935416,-1.9034299,34,google deepmind,0.4052
24,17,1.5044599,-0.95761997,17,boiler health,0.5638
24,18,1.0990993,2.2787373,16,monitor phytoplankton,0.4708
24,19,0.19034411,-0.9462592,26,cybersecurity information,0.5778
24,20,-1.0818397,-1.4414964,19,clinical data,0.5029
24,21,0.3802517,-0.15102147,25,mining machine,0.476
24,22,-0.8924258,0.61933625,52,automation with,0.5315
24,23,-0.65900195,-1.327839,13,predict antimicrobial,0.4644
25,0,-0.48703194,0.42197123,34,random forests,0.4796
25,1,0.19034411,-0.9462592,26,cybersecurity information,0.5778
25,2,0.6884794,0.9929612,35,random forests,0.4905
25,3,0.7666842,-0.07073906,29,geochemically informed,0.5056
25,4,-0.35392627,-1.9612854,50,vaccine,0.4074
25,5,-0.77418554,-0.106249526,32,grant applications,0.501
25,6,-1.030652,0.56125015,35,automation with,0.5221
25,7,1.3145728,-0.2464654,40,designing gas,0.4645
25,8,1.6951363,0.9651952,31,marine forecasters,0.5272
25,9,-1.8059158,-0.20772728,23,payment forecasting,0.5207
25,10,-0.7942118,-1.1560285,32,predict antimicrobial,0.4588
25,11,0.11491934,0.7985519,23,remote sensing,0.5142
25,12,1.0502021,1.6675823,26,drought monitoring,0.5549
25,13,1.2061924,0.5917052,29,accelerator data,0.4918
25,14,0.57637376,-0.7634647,26,machine learning,0.4294
25,15,-1.3333042,1.2933109,26,chatbot assistant,0.6894
25,16,1.4306152,-0.8555203,25,boiler environment,0.6165
25,17,1.0990993,2.2787373,16,monitor phytoplankton,0.4708
25,18,0.4058501,-0.16486466,23,mining machine,0.476
25,19,-1.3619076,0.22932501,37,form recognizer,0.5119
25,20,-0.67899734,0.9921611,16,translation service,0.5562
25,21,0.5536785,0.391933,25,robotic inspection,0.5128
25,22,-0.23353153,-0.11617504,18,unstructured documents,0.5442
25,23,-0.8315749,-0.52064264,28,citation searches,0.5629
25,24,-1.0956755,-1.6138244,25,predict suicide,0.4884
26,0,-0.559543,-2.0660274,23,predict health,0.4085
26,1,0.65731823,-0.033234015,54,predict reservoir,0.4998
26,2,-0.7128435,0.9741282,18,converting spoken,0.5356
26,3,1.0679207,1.6900867,24,drought monitoring,0.5549
26,4,-1.063341,-0.25100017,17,citation system,0.5031
26,5,0.36342883,0.71302253,43,autonomous surveillance,0.5852
26,6,1.1695902,0.6363967,26,cosmic surveys,0.4527
26,7,0.1829076,-0.94822174,25,cybersecurity information,0.5778
26,8,1.5044599,-0.95761997,17,boiler health,0.5638
26,9,-0.77880687,-1.0772972,34,predict antimicrobial,0.4588
26,10,1.3621095,0.12590387,15,trained microscopy,0.5081
26,11,-0.09464048,-0.109604426,21,business intelligence,0.4917
26,12,1.6951363,0.9651952,31,marine forecasters,0.5272
26,13,-1.3333042,1.2933109,26,chatbot assistant,0.6894
26,14,-1.0391084,0.46941817,49,form recognizer,0.5119
26,15,0.56818384,-0.7446423,29,models tools,0.4157
26,16,-1.5064908,0.21685089,24,duplicate identification,0.4503
26,17,-1.810967,-0.21927944,22,payment forecasting,0.5207
26,18,-0.42616677,0.41662395,38,random forests,0.474
26,19,1.5257626,-0.22024983,9,computational fluid,0.4831
26,20,-0.17877118,-1.8720605,27,google deepmind,0.4132
26,21,1.0990993,2.2787373,16,monitor phytoplankton,0.4708
26,22,0.74290615,1.0790746,27,random forests,0.4905
26,23,-1.0768287,-1.588297,28,predict suicide,0.4884
26,24,1.2162478,-0.4822742,28,co2 chemisorption,0.4429
26,25,-0.69753194,-0.28084204,39,grant applications,0.501
27,0,-1.0744338,0.36995658,36,form recognizer,0.5119
27,1,0.7647092,0.75850797,27,data nasa,0.4573
27,2,-0.35392627,-1.9612854,50,vaccine,0.4074
27,3,0.3541633,-0.67324466,24,ml cloud,0.5821
27,4,1.0990993,2.2787373,16,monitor phytoplankton,0.4708
27,5,-0.7835184,-1.1211286,32,predict antimicrobial,0.4588
27,6,-0.91231084,0.7712252,27,automation with,0.5095
27,7,-0.44883972,0.39584967,33,random forests,0.4796
27,8,1.4324147,-0.056208327,19,drag models,0.4791
27,9,-1.810967,-0.21927944,22,payment forecasting,0.5207
27,10,0.67240125,-0.100718476,43,predict reservoir,0.5071
27,11,-0.8502546,-0.5015915,25,citation searches,0.5604
27,12,-1.3333042,1.2933109,26,chatbot assistant,0.6894
27,13,1.6975545,0.9760854,30,marine forecasters,0.5272
27,14,0.5120286,0.36676148,22,remote sensing,0.4087
27,15,1.0679207,1.6900867,24,drought monitoring,0.5549
27,16,1.5044599,-0.95761997,17,boiler health,0.5638
27,17,-1.5064908,0.21685089,24,duplicate identification,0.4503
27,18,-1.0833491,-1.5964437,27,predict suicide,0.4884
27,19,0.68145543,1.1272227,24,random forests,0.4905
27,20,-0.07716742,-0.11248796,22,business intelligence,0.4928
27,21,1.3173419,0.5392697,22,tracking detectors,0.4654
27,22,1.2260895,-0.47928017,29,co2 chemisorption,0.4429
27,23,-0.7469946,-0.13976,33,grant applications,0.501
27,24,0.7292021,-0.850447,12,quantum computing,0.538
27,25,0.21109316,-1.0520518,18,cybersecurity information,0.5778
27,26,-0.049666982,0.867989,26,video surveillance,0.5487
28,0,0.646291,-0.76620376,18,quantum computing,0.4853
28,1,-0.7674522,0.9174589,23,job descriptions,0.5279
28,2,1.3395424,0.45080376,26,tracking detectors,0.4654
28,3,-1.8059158,-0.20772728,23,payment forecasting,0.5207
28,4,-0.77250785,-1.1085011,28,predict antimicrobial,0.4588
28,5,1.0990993,2.2787373,16,monitor phytoplankton,0.4708
28,6,-0.17062464,-1.8706431,26,google deepmind,0.4132
28,7,-0.2928693,-0.10399537,19,entity recognition,0.5392
28,8,0.37773675,-0.112595774,28,mining,0.4634
28,9,-1.2520621,0.10260189,24,receipt analysis,0.4561
28,10,0.71980935,1.1545877,21,random forests,0.4905
28,11,1.2913208,-0.37970996,41,designing gas,0.4645
28,12,1.5277864,1.035307,10,forecast algal,0.5159
28,13,-1.3333042,1.2933109,26,chatbot assistant,0.6894
28,14,-1.147516,-1.9273673,8,predict suicide,0.5453
28,15,0.21029185,0.7465285,29,video surveillance,0.5521
28,16,1.5044599,-0.95761997,17,boiler health,0.5638
28,17,0.7783789,-0.008086039,37,predict reservoir,0.4948
28,18,-0.5395606,0.44174048,42,grants analytics,0.5252
28,19,-0.8235165,-0.5174171,26,citation searches,0.5604
28,20,-1.2680105,0.46456653,37,form recognizer,0.5254
28,21,0.24415956,-0.90179867,34,cybersecurity information,0.5778
28,22,1.7748266,0.93180877,21,weather prediction,0.5257
28,23,1.0679207,1.6900867,24,drought monitoring,0.5549
28,24,0.7435334,0.6925895,32,robotic inspection,0.4944
28,25,-0.77528363,-0.123563044,28,grant applications,0.4772
28,26,-0.552503,-2.0594811,24,predict health,0.4085
28,27,-1.0345724,-1.4415694,22,clinical data,0.5029
29,0,-0.8502546,-0.5015915,25,citation searches,0.5604
29,1,0.7057755,-0.05403389,44,predict reservoir,0.4948
29,2,0.7886355,1.2580208,17,random forests,0.4982
29,3,-0.77180314,-1.0981597,29,predict antimicrobial,0.4588
29,4,-0.97050136,0.56537104,35,automation with,0.5315
29,5,0.19034411,-0.9462592,26,cybersecurity information,0.5778
29,6,1.3028063,0.5345449,21,tracking detectors,0.4654
29,7,1.5044599,-0.95761997,17,boiler health,0.5638
29,8,1.0853664,1.709105,22,drought monitoring,0.5549
29,9,-0.17877118,-1.8720605,27,google deepmind,0.4132
29,10,-1.3333042,1.2933109,26,chatbot assistant,0.6894
29,11,-0.41752294,0.4225792,34,random forests,0.4796
29,12,-1.810967,-0.21927944,22,payment forecasting,0.5207
29,13,0.20264345,0.8334376,24,autonomous surveillance,0.5768
29,14,-0.67899734,0.9921611,16,translation service,0.5562
29,15,1.6951363,0.9651952,31,marine forecasters,0.5272
29,16,-1.147516,-1.9273673,8,predict suicide,0.5453
29,17,0.32686448,0.1203285,25,robotic inspection,0.4745
29,18,1.4324147,-0.056208327,19,drag models,0.4791
29,19,-1.5849507,0.29319727,16,duplicate identification,0.5671
29,20,-0.559543,-2.0660274,23,predict health,0.4085
29,21,1.2260895,-0.47928017,29,co2 chemisorption,0.4429
29,22,1.0990993,2.2787373,16,monitor phytoplankton,0.4708
29,23,0.7428122,0.7602218,34,data nasa,0.4769
29,24,-0.7765004,-0.11033421,30,grant applications,0.4772
29,25,-1.0345724,-1.4415694,22,clinical data,0.5029
29,26,-1.213668,0.2174244,27,form recognizer,0.5119
29,27,0.5750384,-0.7391939,28,models tools,0.4157
29,28,-0.31108236,-0.17802331,17,entity recognition,0.5392
30,0,0.7292021,-0.850447,12,quantum computing,0.538
30,1,-0.39415422,0.4448431,35,random forests,0.474
30,2,0.7886355,1.2580208,17,random forests,0.4982
30,3,-0.552503,-2.0594811,24,predict health,0.4085
30,4,-0.84992576,-0.34482944,44,citation system,0.5233
30,5,0.5572621,0.39057642,21,track geometry,0.5194
30,6,1.4324147,-0.056208327,19,drag models,0.4791
30,7,-1.3333042,1.2933109,26,chatbot assistant,0.6894
30,8,-0.7720292,-1.0867258,30,predict antimicrobial,0.4588
30,9,-1.8059158,-0.20772728,23,payment forecasting,0.5207
30,10,1.6975545,0.9760854,30,marine forecasters,0.5272
30,11,1.0990993,2.2787373,16,monitor phytoplankton,0.4708
30,12,-1.4126674,0.25224602,34,receipt analysis,0.4895
30,13,0.48783517,-0.5208102,12,carbon storage,0.4682
30,14,0.77837086,0.79516083,26,data nasa,0.5121
30,15,0.7666842,-0.07073906,29,geochemically informed,0.5056
30,16,0.25876883,0.8705957,24,deepcnet based,0.4955
30,17,-0.7455689,0.9562626,20,translation service,0.5268
30,18,0.26026636,-0.79128945,20,ml cloud,0.5308
30,19,1.5044599,-0.95761997,17,boiler health,0.5638
30,20,-0.41838056,-0.10637136,27,compliance tool,0.5439
30,21,-0.9811281,0.46396714,40,language processing,0.5093
30,22,-1.147516,-1.9273673,8,predict suicide,0.5453
30,23,-0.17062464,-1.8706431,26,google deepmind,0.4132
30,24,1.3173419,0.5392697,22,tracking detectors,0.4654
30,25,1.2260895,-0.47928017,29,co2 chemisorption,0.4429
30,26,1.0853664,1.709105,22,drought monitoring,0.5549
30,27,-1.0345724,-1.4415694,22,clinical data,0.5029
30,28,0.19502847,-1.13682,12,cybersecurity monitoring,0.6811
30,29,0.34843156,-0.08594523,23,planning documents,0.479
31,0,-0.71359795,-0.107979484,26,grant applications,0.501
31,1,0.7731338,0.91047484,41,data nasa,0.4787
31,2,0.5748126,-0.7259186,29,machine learning,0.4197
31,3,-0.17877118,-1.8720605,27,google deepmind,0.4132
31,4,-1.3333042,1.2933109,26,chatbot assistant,0.6894
31,5,1.0502021,1.6675823,26,drought monitoring,0.5549
31,6,-0.7942118,-1.1560285,32,predict antimicrobial,0.4588
31,7,1.2260895,-0.47928017,29,co2 chemisorption,0.4429
31,8,-1.222546,0.15414892,24,form recognizer,0.5119
31,9,1.5761678,0.5988928,2,nn training,0.5011
31,10,-0.10808819,0.6777646,13,net segmentation,0.4803
31,11,0.72453636,-0.016988657,42,predict reservoir,0.4948
31,12,1.0990993,2.2787373,16,monitor phytoplankton,0.4708
31,13,-0.9675735,0.82442045,20,occupation autocoder,0.536
31,14,-1.8059158,-0.20772728,23,payment forecasting,0.5207
31,15,0.19034411,-0.9462592,26,cybersecurity information,0.5778
31,16,0.33934122,0.056647852,26,robotic inspection,0.4925
31,17,-1.0956755,-1.6138244,25,predict suicide,0.4884
31,18,-0.41277462,0.35409328,21,image clustering,0.4939
31,19,-1.4574503,0.39928254,21,duplicate identification,0.5099
31,20,1.4324147,-0.056208327,19,drag models,0.4791
31,21,-0.28446847,-0.15932117,15,unstructured documents,0.5442
31,22,-0.7225769,-0.57987636,19,biomedical citation,0.5012
31,23,1.5044599,-0.95761997,17,boiler health,0.5638
31,24,1.6975545,0.9760854,30,marine forecasters,0.5272
31,25,-0.559543,-2.0660274,23,predict health,0.4085
31,26,0.34893033,0.826727,23,autonomous surveillance,0.5277
31,27,-0.47566128,1.0582552,7,kpi forecasts,0.4364
31,28,-0.8207161,0.4885299,28,information service,0.5171
31,29,1.2914592,0.53330743,20,tracking detectors,0.4654
31,30,-1.0576136,-0.30734673,14,citation system,0.48
32,0,0.097144604,-0.7019303,8,synthetic data,0.4304
32,1,-0.47566128,1.0582552,7,kpi forecasts,0.4364
32,2,-1.0430568,-1.4902301,25,clinical data,0.5029
32,3,1.6975545,0.9760854,30,marine forecasters,0.5272
32,4,-1.0578344,0.40159908,36,form recognizer,0.5119
32,5,1.4324147,-0.056208327,19,drag models,0.4791
32,6,0.8348719,0.739334,20,aerial imagery,0.441
32,7,1.0990993,2.2787373,16,monitor phytoplankton,0.4708
32,8,-0.20966874,-1.8792812,31,google deepmind,0.4052
32,9,-0.8329215,-0.50272256,25,citation system,0.6384
32,10,-1.3333042,1.2933109,26,chatbot assistant,0.6894
32,11,1.5044599,-0.95761997,17,boiler health,0.5638
32,12,-1.810967,-0.21927944,22,payment forecasting,0.5207
32,13,0.36482334,-0.12731265,23,mining machine,0.5204
32,14,-0.34792432,-0.14642711,20,entity recognition,0.5392
32,15,1.0853664,1.709105,22,drought monitoring,0.5549
32,16,0.7666842,-0.07073906,29,geochemically informed,0.5056
32,17,0.54061735,0.89511263,16,autonomous surveillance,0.4675
32,18,0.7719502,-0.94785887,7,distributed control,0.4957
32,19,-0.4429811,0.4305568,37,random forests,0.4796
32,20,0.48769423,-0.69310427,24,ml cloud,0.5821
32,21,-0.77180314,-1.0981597,29,predict antimicrobial,0.4588
32,22,-0.71087,-2.0701778,24,predict suicide,0.4866
32,23,1.2260895,-0.47928017,29,co2 chemisorption,0.4429
32,24,-0.94771856,0.8017357,22,automation with,0.5095
32,25,0.5244487,0.35383004,21,robotic inspection,0.4349
32,26,0.7886355,1.2580208,17,random forests,0.4982
32,27,0.21097001,-1.0943474,15,cybersecurity monitoring,0.6769
32,28,1.3173419,0.5392697,22,tracking detectors,0.4654
32,29,-0.84159404,-0.118148096,29,grant applications,0.4772
32,30,-1.5064908,0.21685089,24,duplicate identification,0.4503
32,31,0.131071,0.8289708,18,remote sensing,0.5142
33,0,-1.3383961,0.05170696,12,disability analytics,0.4885
33,1,1.3173419,0.5392697,22,tracking detectors,0.4654
33,2,-0.78243166,-2.0444226,23,predict suicide,0.4866
33,3,0.7292021,-0.850447,12,quantum computing,0.538
33,4,0.25615314,0.8123991,25,deepcnet based,0.4955
33,5,1.0990993,2.2787373,16,monitor phytoplankton,0.4708
33,6,-0.36302382,0.46405625,28,random forests,0.474
33,7,0.643813,-0.18825427,32,predict reservoir,0.4803
33,8,-0.71588635,-0.5782313,19,citation searches,0.5002
33,9,-0.43491602,1.0429219,8,kpi forecasts,0.4364
33,10,1.2260895,-0.47928017,29,co2 chemisorption,0.4429
33,11,-1.3333042,1.2933109,26,chatbot assistant,0.6894
33,12,-0.7728127,-1.1187056,27,predict antimicrobial,0.4588
33,13,1.0853664,1.709105,22,drought monitoring,0.5549
33,14,0.77518785,1.2440501,18,random forests,0.4982
33,15,1.6975545,0.9760854,30,marine forecasters,0.5272
33,16,-0.8778152,0.4358862,27,document processing,0.4864
33,17,0.19988227,-1.1068423,14,cybersecurity monitoring,0.6769
33,18,-0.65917563,0.021673704,21,compliance language,0.5206
33,19,-1.8059158,-0.20772728,23,payment forecasting,0.5207
33,20,1.4324147,-0.056208327,19,drag models,0.4791
33,21,-0.22935416,-1.9034299,34,google deepmind,0.4052
33,22,0.27165866,0.07237873,17,planning tool,0.5494
33,23,-0.29856366,-0.16436052,16,entity recognition,0.5392
33,24,0.3225341,-0.7212179,26,ml cloud,0.5773
33,25,0.76072884,0.77111447,30,data nasa,0.4769
33,26,-1.0366551,-1.4547567,23,clinical data,0.5029
33,27,0.71441066,0.19779377,22,leak detection,0.4332
33,28,1.5044599,-0.95761997,17,boiler health,0.5638
33,29,-0.95536613,-0.27416253,23,citation system,0.5049
33,30,-1.5960164,0.34544834,13,duplicate identification,0.6228
33,31,-0.89672107,0.88800573,14,occupation autocoder,0.5438
33,32,-1.1892365,0.4759469,22,receipt analysis,0.4437
34,0,1.3173419,0.5392697,22,tracking detectors,0.4654
34,1,-1.8059158,-0.20772728,23,payment forecasting,0.5207
34,2,0.19988227,-1.1068423,14,cybersecurity monitoring,0.6769
34,3,-0.43491602,1.0429219,8,kpi forecasts,0.4364
34,4,-0.7728127,-1.1187056,27,predict antimicrobial,0.4588
34,5,1.0962148,2.0233502,32,drought monitoring,0.4932
34,6,0.7666842,-0.07073906,29,geochemically informed,0.5056
34,7,-0.5264798,0.12660603,20,compliance tool,0.576
34,8,-0.5892937,-2.0950816,19,predict health,0.4078
34,9,0.75831515,0.816863,30,data nasa,0.5121
34,10,-1.3333042,1.2933109,26,chatbot assistant,0.6894
34,11,1.2260895,-0.47928017,29,co2 chemisorption,0.4429
34,12,0.33933014,-0.69996464,28,machine learning,0.4896
34,13,-1.5960164,0.34544834,13,duplicate identification,0.6228
34,14,-0.7303173,-0.60407746,17,biomedical citation,0.5012
34,15,1.6975545,0.9760854,30,marine forecasters,0.5272
34,16,-0.20966874,-1.8792812,31,google deepmind,0.4052
34,17,0.23794782,0.85766906,20,deepcnet based,0.4955
34,18,0.36456084,-0.10397159,25,ore data,0.4732
34,19,-1.1582837,0.55294156,18,oascr emails,0.493
34,20,1.5044599,-0.95761997,17,boiler health,0.5638
34,21,-1.078727,0.26361957,15,form recognizer,0.5119
34,22,-0.8997786,-0.24134041,31,citation system,0.5233
34,23,0.8582256,1.3487663,22,remote sensing,0.472
34,24,0.5572621,0.39057642,21,track geometry,0.5194
34,25,1.4324147,-0.056208327,19,drag models,0.4791
34,26,-0.299478,-0.22312628,14,entity recognition,0.5392
34,27,-1.147516,-1.9273673,8,predict suicide,0.5453
34,28,-1.0345724,-1.4415694,22,clinical data,0.5029
34,29,-1.3383961,0.05170696,12,disability analytics,0.4885
34,30,-0.75516313,0.49359077,23,text analytics,0.5489
34,31,0.7292021,-0.850447,12,quantum computing,0.538
34,32,-0.25517184,0.5010565,19,community detection,0.466
34,33,-0.89672107,0.88800573,14,occupation autocoder,0.5438
35,0,0.3225341,-0.7212179,26,ml cloud,0.5773
35,1,-0.93143404,0.8692761,16,occupation autocoder,0.5438
35,2,1.0990993,2.2787373,16,monitor phytoplankton,0.4708
35,3,-0.72661406,-0.13609768,25,grant applications,0.501
35,4,0.8249957,0.7401287,21,aerial imagery,0.441
35,5,-0.559543,-2.0660274,23,predict health,0.4085
35,6,-1.1576058,0.390769,24,form recognizer,0.5119
35,7,1.2260895,-0.47928017,29,co2 chemisorption,0.4429
35,8,-0.8605952,-1.0445838,19,fdalabel tool,0.4647
35,9,0.5244487,0.35383004,21,robotic inspection,0.4349
35,10,-1.810967,-0.21927944,22,payment forecasting,0.5207
35,11,1.6975545,0.9760854,30,marine forecasters,0.5272
35,12,-0.20616521,0.5144414,15,community detection,0.4912
35,13,-1.3333042,1.2933109,26,chatbot assistant,0.6894
35,14,0.7666842,-0.07073906,29,geochemically informed,0.5056
35,15,0.6724396,1.0635419,25,random forests,0.4905
35,16,1.4324147,-0.056208327,19,drag models,0.4791
35,17,1.0502021,1.6675823,26,drought monitoring,0.5549
35,18,1.5044599,-0.95761997,17,boiler health,0.5638
35,19,-0.28446847,-0.15932117,15,unstructured documents,0.5442
35,20,-1.147516,-1.9273673,8,predict suicide,0.5453
35,21,-1.5064908,0.21685089,24,duplicate identification,0.4503
35,22,-0.17877118,-1.8720605,27,google deepmind,0.4132
35,23,-0.7154411,-0.57840997,17,datasets nlm,0.5139
35,24,0.21409261,0.84620744,18,deepcnet based,0.4955
35,25,-0.54118925,0.3589236,23,text analytics,0.5898
35,26,-0.6762718,-1.3307317,14,predict antimicrobial,0.4791
35,27,-1.092453,-1.4279541,17,clinical data,0.6
35,28,-0.8781374,0.49389464,21,information service,0.5171
35,29,0.19988227,-1.1068423,14,cybersecurity monitoring,0.6769
35,30,1.3173419,0.5392697,22,tracking detectors,0.4654
35,31,-1.0721605,-0.27184644,16,enriched citation,0.4499
35,32,-0.43491602,1.0429219,8,kpi forecasts,0.4364
35,33,0.7292021,-0.850447,12,quantum computing,0.538
35,34,0.3802517,-0.15102147,25,mining machine,0.476
36,0,-0.5485387,0.40346497,22,text analytics,0.5898
36,1,1.3028063,0.5345449,21,tracking detectors,0.4654
36,2,-0.7479984,-0.6866222,22,biomedical citation,0.5012
36,3,0.47854477,-0.63867575,18,machine learning,0.4647
36,4,-0.89968103,-1.2973456,44,predict antimicrobial,0.4662
36,5,1.0853664,1.709105,22,drought monitoring,0.5549
36,6,-1.3333042,1.2933109,26,chatbot assistant,0.6894
36,7,-1.0141232,0.18544948,10,receipt analysis,0.4618
36,8,1.5044599,-0.95761997,17,boiler health,0.5638
36,9,-0.5746401,-2.0780406,21,predict health,0.4078
36,10,-1.810967,-0.21927944,22,payment forecasting,0.5207
36,11,0.75306326,0.8096382,29,data nasa,0.5121
36,12,1.1419126,-0.38586864,14,co2 chemisorption,0.4429
36,13,1.6951363,0.9651952,31,marine forecasters,0.5272
36,14,1.0990993,2.2787373,16,monitor phytoplankton,0.4708
36,15,-0.40300915,-0.12690873,25,compliance tool,0.5439
36,16,-0.19409895,-1.8767382,29,google deepmind,0.4052
36,17,0.23099935,-1.0447861,19,cybersecurity monitoring,0.5895
36,18,0.7666842,-0.07073906,29,geochemically informed,0.5056
36,19,0.35606372,-0.09354502,24,ore data,0.4732
36,20,-0.9036192,-0.25610417,28,citation system,0.5233
36,21,-0.89672107,0.88800573,14,occupation autocoder,0.5438
36,22,-1.5927131,0.31516084,15,duplicate identification,0.5989
36,23,-0.19657296,0.46626475,15,community detection,0.4912
36,24,1.4324147,-0.056208327,19,drag models,0.4791
36,25,0.7886355,1.2580208,17,random forests,0.4982
36,26,1.3046546,-0.5664643,15,temperature sensing,0.3963
36,27,-0.43491602,1.0429219,8,kpi forecasts,0.4364
36,28,0.5572621,0.39057642,21,track geometry,0.5194
36,29,-0.86889046,0.49133688,20,information service,0.5171
36,30,-1.2020693,0.50783026,19,form recognizer,0.566
36,31,0.73234177,-0.8686796,11,distributed control,0.4299
36,32,0.23794782,0.85766906,20,deepcnet based,0.4955
36,33,-1.147516,-1.9273673,8,predict suicide,0.5453
36,34,0.07999413,-0.6788291,7,synthetic data,0.4846
36,35,-1.3103453,0.023370804,12,hazard intelligence,0.528
37,0,1.0853664,1.709105,22,drought monitoring,0.5549
37,1,-0.77180314,-1.0981597,29,predict antimicrobial,0.4588
37,2,-0.5134174,0.28243715,18,text analytics,0.6534
37,3,1.2260895,-0.47928017,29,co2 chemisorption,0.4429
37,4,0.720944,0.21012543,15,offshore landslide,0.4771
37,5,-1.1600856,0.0223749,23,language processing,0.4577
37,6,-0.17877118,-1.8720605,27,google deepmind,0.4132
37,7,-1.3333042,1.2933109,26,chatbot assistant,0.6894
37,8,1.3173419,0.5392697,22,tracking detectors,0.4654
37,9,0.14081398,-0.7290332,10,ml cloud,0.5573
37,10,-0.559543,-2.0660274,23,predict health,0.4085
37,11,-0.7128435,0.9741282,18,converting spoken,0.5356
37,12,-1.5798659,0.30402863,16,duplicate identification,0.5348
37,13,0.54061735,0.89511263,16,autonomous surveillance,0.4675
37,14,1.8778799,0.95585793,10,weather prediction,0.5118
37,15,0.48719856,-0.46214646,15,carbon storage,0.4765
37,16,-0.30727458,-0.19182675,16,entity recognition,0.5392
37,17,-0.72413373,-0.1315148,22,grant classifier,0.4865
37,18,-1.0345724,-1.4415694,22,clinical data,0.5029
37,19,0.6044801,-0.84434354,20,learning models,0.4151
37,20,-1.1796429,0.4984717,23,intelligence spam,0.5086
37,21,0.2924541,-0.045384355,17,planning tool,0.5012
37,22,0.74308044,-0.13382584,25,geochemically informed,0.5382
37,23,0.42920515,0.4291937,11,robotic inspection,0.4711
37,24,1.5044599,-0.95761997,17,boiler health,0.5638
37,25,1.4324147,-0.056208327,19,drag models,0.4791
37,26,-0.8247045,0.5200946,26,occupation autocoder,0.5518
37,27,-1.147516,-1.9273673,8,predict suicide,0.5453
37,28,-1.810967,-0.21927944,22,payment forecasting,0.5207
37,29,0.8348719,0.739334,20,aerial imagery,0.441
37,30,1.0990993,2.2787373,16,monitor phytoplankton,0.4708
37,31,0.7886355,1.2580208,17,random forests,0.4982
37,32,-0.22169062,0.51888525,16,community detection,0.466
37,33,-0.8394988,-0.51031727,24,citation searches,0.5604
37,34,1.6073917,0.9861991,20,marine forecasters,0.5605
37,35,0.19988227,-1.1068423,14,cybersecurity monitoring,0.6769
37,36,0.15705909,0.84753585,16,deepcnet based,0.4955
38,0,0.7719502,-0.94785887,7,distributed control,0.4957
38,1,-1.0809311,0.67878014,14,intelligence spam,0.5023
38,2,1.0853664,1.709105,22,drought monitoring,0.5549
38,3,-0.17877118,-1.8720605,27,google deepmind,0.4132
38,4,-0.19374728,0.52712256,16,community detection,0.4912
38,5,1.3173419,0.5392697,22,tracking detectors,0.4654
38,6,-0.77180314,-1.0981597,29,predict antimicrobial,0.4588
38,7,-1.1051717,0.36338645,26,form recognizer,0.5119
38,8,0.5599376,0.31876877,25,robotic inspection,0.4296
38,9,-0.72556955,-0.11870805,23,grant applications,0.501
38,10,1.2260895,-0.47928017,29,co2 chemisorption,0.4429
38,11,-1.3333042,1.2933109,26,chatbot assistant,0.6894
38,12,0.27800623,0.87697256,21,deepcnet based,0.4955
38,13,0.19034411,-0.9462592,26,cybersecurity information,0.5778
38,14,-1.147516,-1.9273673,8,predict suicide,0.5453
38,15,1.8778799,0.95585793,10,weather prediction,0.5118
38,16,-1.3284602,0.03911994,11,hazard intelligence,0.528
38,17,0.7886355,1.2580208,17,random forests,0.4982
38,18,-1.5854218,0.3343566,14,duplicate identification,0.5989
38,19,-1.8059158,-0.20772728,23,payment forecasting,0.5207
38,20,1.0990993,2.2787373,16,monitor phytoplankton,0.4708
38,21,-0.43491602,1.0429219,8,kpi forecasts,0.4364
38,22,0.35556573,-0.11699914,22,mining machine,0.5204
38,23,-0.7159821,-0.53869575,18,citation searches,0.5071
38,24,1.6074457,-0.86294633,7,gas procurement,0.433
38,25,-0.559543,-2.0660274,23,predict health,0.4085
38,26,-0.69422275,0.49626496,21,automated data,0.4805
38,27,0.7648036,0.7793,29,data nasa,0.5121
38,28,-0.8486372,0.9296797,10,speech transcription,0.5539
38,29,1.4324147,-0.056208327,19,drag models,0.4791
38,30,-1.0345724,-1.4415694,22,clinical data,0.5029
38,31,1.6073917,0.9861991,20,marine forecasters,0.5605
38,32,0.509401,-0.6696389,21,models tools,0.4599
38,33,-0.48355484,0.20887148,16,topic modeling,0.4551
38,34,0.76220447,-0.11324733,26,predict reservoir,0.5015
38,35,-0.26427653,-0.2072658,12,data management,0.538
38,36,1.4323697,-1.0238917,10,boiler operations,0.5758
38,37,-1.0576136,-0.30734673,14,citation system,0.48
39,0,1.3173419,0.5392697,22,tracking detectors,0.4654
39,1,-1.5064908,0.21685089,24,duplicate identification,0.4503
39,2,-0.20966874,-1.8792812,31,google deepmind,0.4052
39,3,0.7799589,-0.04571336,25,geochemically informed,0.4873
39,4,0.73263365,1.1480192,17,random forests,0.4905
39,5,-1.0345724,-1.4415694,22,clinical data,0.5029
39,6,-0.60831267,0.4323668,29,text analytics,0.6132
39,7,0.7292021,-0.850447,12,quantum computing,0.538
39,8,-1.3333042,1.2933109,26,chatbot assistant,0.6894
39,9,-0.7178816,-0.55290145,19,citation searches,0.5071
39,10,1.1007588,2.2964065,15,monitor phytoplankton,0.4708
39,11,1.6074457,-0.86294633,7,gas procurement,0.433
39,12,0.31842116,0.8826478,18,autonomous surveillance,0.5277
39,13,0.25237447,0.0045406977,14,planning tool,0.5134
39,14,-1.102213,0.38791153,30,form recognizer,0.5119
39,15,1.6975545,0.9760854,30,marine forecasters,0.5272
39,16,-0.723687,-0.09362773,24,grant applications,0.4772
39,17,0.47539264,-0.5627173,10,machine learning,0.4612
39,18,1.0922052,1.7824184,17,drought monitoring,0.5747
39,19,-0.77250785,-1.1085011,28,predict antimicrobial,0.4588
39,20,-1.810967,-0.21927944,22,payment forecasting,0.5207
39,21,0.7888489,0.75578004,25,data nasa,0.4511
39,22,1.5193565,-0.11293991,14,flow simulation,0.452
39,23,0.26026636,-0.79128945,20,ml cloud,0.5308
39,24,-0.29856366,-0.16436052,16,entity recognition,0.5392
39,25,-0.47566128,1.0582552,7,kpi forecasts,0.4364
39,26,1.2184596,-0.4917774,27,co2 chemisorption,0.4429
39,27,0.53736913,-0.20242834,16,mining machine,0.5142
39,28,-0.94868547,0.7920566,23,automation with,0.5095
39,29,0.19502847,-1.13682,12,cybersecurity monitoring,0.6811
39,30,-1.0721605,-0.27184644,16,enriched citation,0.4499
39,31,1.4323697,-1.0238917,10,boiler operations,0.5758
39,32,-0.5892937,-2.0950816,19,predict health,0.4078
39,33,-0.10657794,0.7208283,11,net segmentation,0.4879
39,34,0.98119736,1.5069723,10,hydrologic data,0.51
39,35,0.5560043,0.3760514,18,track geometry,0.5194
39,36,-1.147516,-1.9273673,8,predict suicide,0.5453
39,37,-0.20488273,0.34054935,9,community detection,0.5256
39,38,1.2290106,-0.015419328,7,trained microscopy,0.4338
40,0,-0.29389673,0.4517238,20,community detection,0.5074
40,1,0.8276564,0.7867458,22,data nasa,0.5121
40,2,-0.7728127,-1.1187056,27,predict antimicrobial,0.4588
40,3,1.2260895,-0.47928017,29,co2 chemisorption,0.4429
40,4,-1.1367006,0.48346323,26,form recognizer,0.5212
40,5,1.0853664,1.709105,22,drought monitoring,0.5549
40,6,-0.17877118,-1.8720605,27,google deepmind,0.4132
40,7,0.3225341,-0.7212179,26,ml cloud,0.5773
40,8,-1.0576136,-0.30734673,14,citation system,0.48
40,9,-1.3333042,1.2933109,26,chatbot assistant,0.6894
40,10,1.8892324,0.95586044,9,weather prediction,0.5511
40,11,0.36770314,0.33053556,13,robotic inspection,0.4761
40,12,-1.810967,-0.21927944,22,payment forecasting,0.5207
40,13,0.76854813,-0.087230235,27,predict reservoir,0.5114
40,14,1.5044599,-0.95761997,17,boiler health,0.5638
40,15,-0.559543,-2.0660274,23,predict health,0.4085
40,16,-0.26427653,-0.2072658,12,data management,0.538
40,17,0.443445,0.89390856,19,surveillance system,0.5703
40,18,1.3028063,0.5345449,21,tracking detectors,0.4654
40,19,-0.5482198,0.08283394,16,compliance tool,0.548
40,20,1.0990993,2.2787373,16,monitor phytoplankton,0.4708
40,21,-0.7181542,-0.5925524,18,biomedical citation,0.5012
40,22,-1.5259839,0.22870478,22,duplicate identification,0.4503
40,23,-0.47566128,1.0582552,7,kpi forecasts,0.4364
40,24,-1.203651,-1.3986796,8,ehr data,0.6018
40,25,0.7292021,-0.850447,12,quantum computing,0.538
40,26,0.39081046,-0.17186888,23,mining machine,0.476
40,27,1.4207848,1.0120281,5,lidar imagery,0.4843
40,28,1.4324147,-0.056208327,19,drag models,0.4791
40,29,-0.72160625,0.47987264,21,document processing,0.5034
40,30,-0.91596717,0.8655367,16,occupation autocoder,0.5438
40,31,-1.147516,-1.9273673,8,predict suicide,0.5453
40,32,0.7810116,1.2724979,16,random forests,0.5082
40,33,0.04759569,0.8052578,12,deepcnet based,0.4788
40,34,0.19988227,-1.1068423,14,cybersecurity monitoring,0.6769
40,35,-1.0738574,0.12881073,13,receipt analysis,0.4618
40,36,-0.937956,-1.4660778,14,identifying opioid,0.4393
40,37,-0.7489812,-0.2023257,17,natural language,0.4557
40,38,0.68901,0.33680528,14,geophysical monitoring,0.472
40,39,1.673071,0.9563628,17,marine forecasters,0.5416
41,0,0.7886355,1.2580208,17,random forests,0.4982
41,1,-0.50185704,0.16216521,16,documents based,0.5166
41,2,0.7292021,-0.850447,12,quantum computing,0.538
41,3,-0.5892937,-2.0950816,19,predict health,0.4078
41,4,1.3173419,0.5392697,22,tracking detectors,0.4654
41,5,-1.3383961,0.05170696,12,disability analytics,0.4885
41,6,-0.7843577,-1.0871004,23,predict antimicrobial,0.4588
41,7,-1.3333042,1.2933109,26,chatbot assistant,0.6894
41,8,0.029085672,0.82043386,11,image segmentation,0.4879
41,9,1.2285738,-0.48833704,28,co2 chemisorption,0.4429
41,10,1.0853664,1.709105,22,drought monitoring,0.5549
41,11,0.4049412,-0.1765583,22,mining machine,0.476
41,12,0.097144604,-0.7019303,8,synthetic data,0.4304
41,13,-1.1643686,0.50819314,23,form recognizer,0.566
41,14,1.6975545,0.9760854,30,marine forecasters,0.5272
41,15,-1.8059158,-0.20772728,23,payment forecasting,0.5207
41,16,-0.29725695,-1.922854,19,google deepmind,0.5106
41,17,-0.70389813,-0.18046029,23,grant applications,0.501
41,18,-0.82660455,-1.4002455,13,drug development,0.4521
41,19,0.80661035,0.7636607,24,data nasa,0.5121
41,20,-0.89672107,0.88800573,14,occupation autocoder,0.5438
41,21,1.5207181,-0.09120854,13,flow simulation,0.452
41,22,0.19988227,-1.1068423,14,cybersecurity monitoring,0.6769
41,23,1.5044599,-0.95761997,17,boiler health,0.5638
41,24,0.5199668,0.34194666,22,robotic inspection,0.4349
41,25,1.0990993,2.2787373,16,monitor phytoplankton,0.4708
41,26,-1.0576136,-0.30734673,14,citation system,0.48
41,27,0.42270723,-0.72979015,18,ml cloud,0.5629
41,28,-0.75516313,0.49359077,23,text analytics,0.5489
41,29,-0.19645132,-0.17068769,13,data management,0.538
41,30,-1.141573,-1.4394678,13,clinical data,0.5907
41,31,-1.5960164,0.34544834,13,duplicate identification,0.6228
41,32,-0.7303173,-0.60407746,17,biomedical citation,0.5012
41,33,0.4225265,0.87775403,19,autonomous surveillance,0.4982
41,34,-0.47566128,1.0582552,7,kpi forecasts,0.4364
41,35,0.7666842,-0.07073906,29,geochemically informed,0.5056
41,36,-0.2761528,0.4799513,17,community detection,0.5074
41,37,-0.07098745,-1.8102908,12,handheld ultrasound,0.4587
41,38,1.2290106,-0.015419328,7,trained microscopy,0.4338
41,39,-1.010308,0.20360775,11,receipt analysis,0.4618
41,40,-1.147516,-1.9273673,8,predict suicide,0.5453
42,0,0.25007555,-0.020695003,13,planning tool,0.4754
42,1,0.7886355,1.2580208,17,random forests,0.4982
42,2,-0.5892937,-2.0950816,19,predict health,0.4078
42,3,-1.1991055,0.1412569,23,form recognizer,0.5119
42,4,1.5044599,-0.95761997,17,boiler health,0.5638
42,5,-0.65922564,0.49403965,25,automated data,0.4818
42,6,0.23229416,-0.76012015,18,ml cloud,0.5197
42,7,1.1419126,-0.38586864,14,co2 chemisorption,0.4429
42,8,1.5761678,0.5988928,2,nn training,0.5011
42,9,-1.3333042,1.2933109,26,chatbot assistant,0.6894
42,10,-0.8605952,-1.0445838,19,fdalabel tool,0.4647
42,11,0.5572621,0.39057642,21,track geometry,0.5194
42,12,1.0990993,2.2787373,16,monitor phytoplankton,0.4708
42,13,-1.5927131,0.31516084,15,duplicate identification,0.5989
42,14,-0.7553632,-0.18992501,18,natural language,0.4557
42,15,1.0853664,1.709105,22,drought monitoring,0.5549
42,16,0.3967985,0.8825023,21,autonomous surveillance,0.4982
42,17,-0.29725695,-1.922854,19,google deepmind,0.5106
42,18,-1.6701026,-0.3282729,6,logistic regression,0.4894
42,19,1.4324147,-0.056208327,19,drag models,0.4791
42,20,-0.07198494,0.749052,13,deepcnet based,0.4618
42,21,-1.0973575,0.5591353,29,automation with,0.5068
42,22,1.6975545,0.9760854,30,marine forecasters,0.5272
42,23,0.77242476,-0.06973544,28,geochemically informed,0.5056
42,24,1.2914592,0.53330743,20,tracking detectors,0.4654
42,25,-0.7154411,-0.57840997,17,datasets nlm,0.5139
42,26,-0.5482198,0.08283394,16,compliance tool,0.548
42,27,-0.26427653,-0.2072658,12,data management,0.538
42,28,0.6096831,-0.77858275,22,machine learning,0.4294
42,29,-0.6950589,0.9826226,17,converting spoken,0.5356
42,30,-1.8637912,-0.17840692,16,payment forecasting,0.3935
42,31,0.81574917,0.7830582,22,data nasa,0.5121
42,32,0.19502847,-1.13682,12,cybersecurity monitoring,0.6811
42,33,-0.5865459,-1.2434373,9,predict antimicrobial,0.4644
42,34,0.5056227,-0.21842948,15,mining machine,0.4927
42,35,-0.9042309,-1.4485121,11,opioid detection,0.5031
42,36,-1.1649139,-1.4346267,11,clinical data,0.5907
42,37,-1.0576136,-0.30734673,14,citation system,0.48
42,38,-0.24525551,0.34622133,11,image clustering,0.4789
42,39,-1.147516,-1.9273673,8,predict suicide,0.5453
42,40,1.3046546,-0.5664643,15,temperature sensing,0.3963
42,41,-0.07098745,-1.8102908,12,handheld ultrasound,0.4587
43,0,0.56423175,-0.24857877,15,carbon storage,0.5404
43,1,-1.213668,0.2174244,27,form recognizer,0.5119
43,2,0.7810116,1.2724979,16,random forests,0.5082
43,3,-0.34267583,-1.902036,13,computerized clinical,0.4632
43,4,1.8778799,0.95585793,10,weather prediction,0.5118
43,5,-0.5492496,0.40725824,23,text analytics,0.6132
43,6,1.2260895,-0.47928017,29,co2 chemisorption,0.4429
43,7,-0.7689727,-0.78105307,6,trial predictor,0.3857
43,8,0.07999413,-0.6788291,7,synthetic data,0.4846
43,9,0.25858518,0.86484206,13,video surveillance,0.5157
43,10,-0.47566128,1.0582552,7,kpi forecasts,0.4364
43,11,0.8524152,0.77434134,19,aerial imagery,0.441
43,12,1.0990993,2.2787373,16,monitor phytoplankton,0.4708
43,13,-1.3333042,1.2933109,26,chatbot assistant,0.6894
43,14,-0.7053368,-0.5050801,15,citation searches,0.5336
43,15,-1.0818045,-1.424642,18,clinical data,0.5029
43,16,1.3173419,0.5392697,22,tracking detectors,0.4654
43,17,-1.810967,-0.21927944,22,payment forecasting,0.5207
43,18,0.7719502,-0.94785887,7,distributed control,0.4957
43,19,0.5572621,0.39057642,21,track geometry,0.5194
43,20,1.4324147,-0.056208327,19,drag models,0.4791
43,21,0.19502847,-1.13682,12,cybersecurity monitoring,0.6811
43,22,-0.96609336,0.51867086,28,automation with,0.4909
43,23,-0.5892937,-2.0950816,19,predict health,0.4078
43,24,0.7799589,-0.04571336,25,geochemically informed,0.4873
43,25,-1.147516,-1.9273673,8,predict suicide,0.5453
43,26,1.0853664,1.709105,22,drought monitoring,0.5549
43,27,-0.7323958,-0.102118656,23,grant applications,0.4772
43,28,-0.29856366,-0.16436052,16,entity recognition,0.5392
43,29,-0.10657794,0.7208283,11,net segmentation,0.4879
43,30,-0.11360809,-1.862847,18,google deepmind,0.4132
43,31,1.5044599,-0.95761997,17,boiler health,0.5638
43,32,-0.65900195,-1.327839,13,predict antimicrobial,0.4644
43,33,-0.8704219,-1.0641,17,fdalabel tool,0.462
43,34,0.53733414,-0.64232147,13,cloud ecosystem,0.5137
43,35,-1.0576136,-0.30734673,14,citation system,0.48
43,36,-0.91618437,0.8800896,15,occupation autocoder,0.5438
43,37,-1.5849507,0.29319727,16,duplicate identification,0.5671
43,38,1.6073917,0.9861991,20,marine forecasters,0.5605
43,39,0.56206596,0.9028105,14,weather sensors,0.5046
43,40,0.28129804,-0.03915959,16,planning tool,0.5012
43,41,0.357336,-0.85184515,13,ml cloud,0.4948
43,42,-0.20488273,0.34054935,9,community detection,0.5256
44,0,1.0853664,1.709105,22,drought monitoring,0.5549
44,1,-0.8551691,-1.0327848,20,fdalabel tool,0.4647
44,2,0.32303578,0.85034525,10,video surveillance,0.4979
44,3,-1.2020693,0.50783026,19,form recognizer,0.566
44,4,0.357336,-0.85184515,13,ml cloud,0.4948
44,5,-0.559543,-2.0660274,23,predict health,0.4085
44,6,1.2382026,-0.5040975,26,co2 chemisorption,0.4429
44,7,0.795746,0.01824372,19,geochemically informed,0.4873
44,8,1.6975545,0.9760854,30,marine forecasters,0.5272
44,9,-1.8059158,-0.20772728,23,payment forecasting,0.5207
44,10,-0.7068467,-0.1263172,24,grant applications,0.501
44,11,-1.3333042,1.2933109,26,chatbot assistant,0.6894
44,12,1.3173419,0.5392697,22,tracking detectors,0.4654
44,13,-1.0576136,-0.30734673,14,citation system,0.48
44,14,-0.47566128,1.0582552,7,kpi forecasts,0.4364
44,15,-0.17877118,-1.8720605,27,google deepmind,0.4132
44,16,-0.34485757,0.58037543,9,nutrition information,0.471
44,17,0.7886355,1.2580208,17,random forests,0.4982
44,18,-1.0818045,-1.424642,18,clinical data,0.5029
44,19,1.0990993,2.2787373,16,monitor phytoplankton,0.4708
44,20,0.22156785,-0.08373999,11,predictive analytics,0.5099
44,21,-1.0308194,0.20373422,9,receipt analysis,0.4618
44,22,-1.5960164,0.34544834,13,duplicate identification,0.6228
44,23,1.508772,-0.08039241,14,flow simulation,0.452
44,24,1.5044599,-0.95761997,17,boiler health,0.5638
44,25,-1.147516,-1.9273673,8,predict suicide,0.5453
44,26,-0.89672107,0.88800573,14,occupation autocoder,0.5438
44,27,0.57375807,0.9011579,13,weather sensors,0.5046
44,28,0.19502847,-1.13682,12,cybersecurity monitoring,0.6811
44,29,1.1820496,-0.09188189,8,trained microscopy,0.4682
44,30,-0.7183889,-0.5515337,17,datasets nlm,0.5139
44,31,0.8348719,0.739334,20,aerial imagery,0.441
44,32,-0.20488273,0.34054935,9,community detection,0.5256
44,33,-0.28446847,-0.15932117,15,unstructured documents,0.5442
44,34,0.6086888,-0.19341229,22,carbon storage,0.4989
44,35,0.7292021,-0.850447,12,quantum computing,0.538
44,36,0.029085672,0.82043386,11,image segmentation,0.4879
44,37,-1.3383961,0.05170696,12,disability analytics,0.4885
44,38,-0.65900195,-1.327839,13,predict antimicrobial,0.4644
44,39,-0.5902008,0.37509036,18,text analytics,0.6574
44,40,0.47539264,-0.5627173,10,machine learning,0.4612
44,41,0.07999413,-0.6788291,7,synthetic data,0.4846
44,42,0.50907755,0.34668508,21,robotic inspection,0.4349
44,43,-0.877332,0.4892677,19,logistics management,0.4774
45,0,0.16802825,0.8562156,15,deepcnet based,0.4955
45,1,0.15551253,-0.7620236,12,ml cloud,0.5197
45,2,-0.8866192,0.4920568,20,logistics management,0.4774
45,3,1.3623338,0.047167506,11,trained microscopy,0.4867
45,4,-0.559543,-2.0660274,23,predict health,0.4085
45,5,1.0853664,1.709105,22,drought monitoring,0.5549
45,6,-1.0576136,-0.30734673,14,citation system,0.48
45,7,0.6754397,-0.17849153,27,ore data,0.4794
45,8,1.6975545,0.9760854,30,marine forecasters,0.5272
45,9,-1.0345724,-1.4415694,22,clinical data,0.5029
45,10,1.2162478,-0.4822742,28,co2 chemisorption,0.4429
45,11,-1.3333042,1.2933109,26,chatbot assistant,0.6894
45,12,-1.6701026,-0.3282729,6,logistic regression,0.4894
45,13,-0.38800386,0.1858014,13,classifying documents,0.5786
45,14,0.934333,0.75040233,10,hyspiri mission,0.4714
45,15,0.40786964,0.41873965,10,robotic inspection,0.4912
45,16,1.5044599,-0.95761997,17,boiler health,0.5638
45,17,-0.17877118,-1.8720605,27,google deepmind,0.4132
45,18,-0.8605952,-1.0445838,19,fdalabel tool,0.4647
45,19,-1.3383961,0.05170696,12,disability analytics,0.4885
45,20,0.7886355,1.2580208,17,random forests,0.4982
45,21,1.0990993,2.2787373,16,monitor phytoplankton,0.4708
45,22,0.7719502,-0.94785887,7,distributed control,0.4957
45,23,-0.8486372,0.9296797,10,speech transcription,0.5539
45,24,-0.7243211,-0.12541679,26,grant applications,0.501
45,25,-0.7154411,-0.57840997,17,datasets nlm,0.5139
45,26,-0.15818922,0.57480866,11,community detection,0.5698
45,27,0.28129804,-0.03915959,16,planning tool,0.5012
45,28,-0.5500216,0.46873936,18,text analytics,0.6132
45,29,1.3173419,0.5392697,22,tracking detectors,0.4654
45,30,-0.5865459,-1.2434373,9,predict antimicrobial,0.4644
45,31,-1.8538501,-0.1651818,17,payment forecasting,0.3935
45,32,-0.47566128,1.0582552,7,kpi forecasts,0.4364
45,33,0.74627894,0.16713168,19,geochemically informed,0.4906
45,34,-1.5960164,0.34544834,13,duplicate identification,0.6228
45,35,-1.147516,-1.9273673,8,predict suicide,0.5453
45,36,0.717474,0.7271343,13,detect airplanes,0.4976
45,37,-1.1201147,0.7139124,10,intelligence spam,0.4855
45,38,1.5257626,-0.22024983,9,computational fluid,0.4831
45,39,0.5143039,-0.7886045,13,quantum computing,0.4989
45,40,0.47539264,-0.5627173,10,machine learning,0.4612
45,41,-0.26427653,-0.2072658,12,data management,0.538
45,42,0.19502847,-1.13682,12,cybersecurity monitoring,0.6811
45,43,-1.1498983,0.3425476,20,form recognizer,0.5119
45,44,0.5228132,0.9061035,14,autonomous surveillance,0.4675
46,0,-0.897787,0.8719549,15,occupation autocoder,0.5438
46,1,1.3173419,0.5392697,22,tracking detectors,0.4654
46,2,-0.7979261,-0.96429914,11,fdalabel tool,0.4513
46,3,1.5044599,-0.95761997,17,boiler health,0.5638
46,4,0.32749423,-0.10077998,19,curb management,0.4858
46,5,1.1007588,2.2964065,15,monitor phytoplankton,0.4708
46,6,-0.29725695,-1.922854,19,google deepmind,0.5106
46,7,-1.0061514,0.2804977,14,classify documents,0.4762
46,8,0.69518226,0.3226774,15,geophysical monitoring,0.472
46,9,-1.8059158,-0.20772728,23,payment forecasting,0.5207
46,10,0.19502847,-1.13682,12,cybersecurity monitoring,0.6811
46,11,-0.083732925,0.7297954,10,net segmentation,0.423
46,12,1.2260895,-0.47928017,29,co2 chemisorption,0.4429
46,13,1.7598978,0.9641366,24,streamflow forecasting,0.5126
46,14,-0.7228216,0.4855624,21,text analytics,0.5775
46,15,0.76766205,1.2022707,13,random forests,0.4982
46,16,-0.82660455,-1.4002455,13,drug development,0.4521
46,17,1.0922052,1.7824184,17,drought monitoring,0.5747
46,18,0.73341274,-0.8890101,10,distributed control,0.4299
46,19,-1.3333042,1.2933109,26,chatbot assistant,0.6894
46,20,-0.923935,-0.2637546,27,citation system,0.5233
46,21,0.74376756,-0.108250506,29,predict reservoir,0.5114
46,22,-1.1807342,0.51525146,21,form recognizer,0.566
46,23,0.357336,-0.85184515,13,ml cloud,0.4948
46,24,0.64294493,0.8685168,16,detect airplanes,0.4777
46,25,-1.141573,-1.4394678,13,clinical data,0.5907
46,26,1.4324147,-0.056208327,19,drag models,0.4791
46,27,-1.147516,-1.9273673,8,predict suicide,0.5453
46,28,-0.28317767,-0.20978001,13,entity recognition,0.5392
46,29,0.2923103,0.8805554,16,autonomous surveillance,0.5277
46,30,-0.5892937,-2.0950816,19,predict health,0.4078
46,31,-0.47566128,1.0582552,7,kpi forecasts,0.4364
46,32,-0.7131516,-0.5640229,16,datasets nlm,0.5139
46,33,-0.3095283,0.41750047,17,community detection,0.5074
46,34,-1.5854218,0.3343566,14,duplicate identification,0.5989
46,35,0.88859373,0.73717237,13,aerial imagery,0.4786
46,36,-1.3284602,0.03911994,11,hazard intelligence,0.528
46,37,-0.58592045,0.048258252,20,compliance tool,0.548
46,38,1.4481815,1.0238805,6,remote sensing,0.4853
46,39,0.07999413,-0.6788291,7,synthetic data,0.4846
46,40,-0.07098745,-1.8102908,12,handheld ultrasound,0.4587
46,41,-0.49063978,-1.1978381,5,predict antimicrobial,0.5434
46,42,0.51836276,-0.5612804,13,machine learning,0.4839
46,43,-0.92513263,-1.1164896,9,drug labeling,0.5399
46,44,0.98119736,1.5069723,10,hydrologic data,0.51
46,45,0.38749912,0.37450135,11,robotic inspection,0.4761
47,0,-1.1033703,0.2076628,15,form recognizer,0.5119
47,1,0.75395584,0.14363417,17,geochemically informed,0.4906
47,2,-0.29725695,-1.922854,19,google deepmind,0.5106
47,3,1.0990993,2.2787373,16,monitor phytoplankton,0.4708
47,4,0.357336,-0.85184515,13,ml cloud,0.4948
47,5,0.8198738,0.7936376,23,data nasa,0.5121
47,6,-1.3333042,1.2933109,26,chatbot assistant,0.6894
47,7,-0.92513263,-1.1164896,9,drug labeling,0.5399
47,8,-1.427306,0.09676932,14,disability analytics,0.4885
47,9,1.3046546,-0.5664643,15,temperature sensing,0.3963
47,10,1.7706676,0.9552432,22,weather prediction,0.5257
47,11,-0.26344863,0.52392924,13,community detection,0.5248
47,12,1.3123038,0.5610676,20,deepfake detector,0.5832
47,13,-0.5963817,-0.024466788,10,compliance tool,0.5538
47,14,-1.0345724,-1.4415694,22,clinical data,0.5029
47,15,1.0853664,1.709105,22,drought monitoring,0.5549
47,16,0.28129804,-0.03915959,16,planning tool,0.5012
47,17,-0.7131516,-0.5640229,16,datasets nlm,0.5139
47,18,0.4320443,0.8910558,18,surveillance system,0.5703
47,19,-0.89672107,0.88800573,14,occupation autocoder,0.5438
47,20,-1.810967,-0.21927944,22,payment forecasting,0.5207
47,21,-1.0642699,-0.3221149,13,citation system,0.518
47,22,-1.61735,0.38496512,10,duplicate identification,0.6034
47,23,-0.43514967,0.23145479,16,documents based,0.5407
47,24,1.4578018,0.16257657,7,deep learning,0.4541
47,25,-0.5865459,-1.2434373,9,predict antimicrobial,0.4644
47,26,-1.147516,-1.9273673,8,predict suicide,0.5453
47,27,-0.5892937,-2.0950816,19,predict health,0.4078
47,28,-0.07098745,-1.8102908,12,handheld ultrasound,0.4587
47,29,0.6754397,-0.17849153,27,ore data,0.4794
47,30,1.4104794,-0.111672275,14,drag models,0.4791
47,31,0.19502847,-1.13682,12,cybersecurity monitoring,0.6811
47,32,0.49969834,0.43702847,15,robotic inspection,0.4711
47,33,1.5044599,-0.95761997,17,boiler health,0.5638
47,34,-0.72894967,0.48729262,20,text analytics,0.5489
47,35,0.7810116,1.2724979,16,random forests,0.5082
47,36,-1.113791,0.53705853,23,automation with,0.533
47,37,0.04759569,0.8052578,12,deepcnet based,0.4788
47,38,-0.26427653,-0.2072658,12,data management,0.538
47,39,-0.79063344,-0.1830827,17,grant applications,0.4861
47,40,1.1419126,-0.38586864,14,co2 chemisorption,0.4429
47,41,0.07999413,-0.6788291,7,synthetic data,0.4846
47,42,0.49532655,-0.570642,11,machine learning,0.454
47,43,-0.7979261,-0.96429914,11,fdalabel tool,0.4513
47,44,0.73234177,-0.8686796,11,distributed control,0.4299
47,45,-0.47566128,1.0582552,7,kpi forecasts,0.4364
47,46,1.4964937,1.0334015,8,forecast algal,0.5159
48,0,-0.7426773,-0.1219227,24,grant applications,0.4772
48,1,1.1007588,2.2964065,15,monitor phytoplankton,0.4708
48,2,0.80661035,0.7636607,24,data nasa,0.5121
48,3,-0.937956,-1.4660778,14,identifying opioid,0.4393
48,4,1.1419126,-0.38586864,14,co2 chemisorption,0.4429
48,5,-1.8059158,-0.20772728,23,payment forecasting,0.5207
48,6,-0.8486372,0.9296797,10,speech transcription,0.5539
48,7,0.19988227,-1.1068423,14,cybersecurity monitoring,0.6769
48,8,-0.5892937,-2.0950816,19,predict health,0.4078
48,9,-0.57303995,0.27680233,12,text analytics,0.625
48,10,1.3173419,0.5392697,22,tracking detectors,0.4654
48,11,0.41437194,0.44662106,12,track geometry,0.4853
48,12,1.4481815,1.0238805,6,remote sensing,0.4853
48,13,1.5044599,-0.95761997,17,boiler health,0.5638
48,14,1.0796821,1.583358,8,fish data,0.4836
48,15,-1.0938712,0.68120605,13,intelligence spam,0.5023
48,16,0.55315197,-0.26709098,13,carbon storage,0.5404
48,17,-0.29725695,-1.922854,19,google deepmind,0.5106
48,18,-1.3333042,1.2933109,26,chatbot assistant,0.6894
48,19,-1.135286,0.347437,22,form recognizer,0.5119
48,20,0.42270723,-0.72979015,18,ml cloud,0.5629
48,21,-0.8394988,-0.51031727,24,citation searches,0.5604
48,22,0.37809613,0.8955815,22,video surveillance,0.5639
48,23,-0.31108236,-0.17802331,17,entity recognition,0.5392
48,24,0.77547866,-0.10106441,21,geochemically informed,0.4985
48,25,-0.7888883,0.49958256,21,document processing,0.5396
48,26,1.5207181,-0.09120854,13,flow simulation,0.452
48,27,1.7598978,0.9641366,24,streamflow forecasting,0.5126
48,28,1.3046546,-0.5664643,15,temperature sensing,0.3963
48,29,-1.147516,-1.9273673,8,predict suicide,0.5453
48,30,0.7182502,0.22167273,14,offshore landslide,0.4771
48,31,-0.083732925,0.7297954,10,net segmentation,0.423
48,32,-0.8551691,-1.0327848,20,fdalabel tool,0.4647
48,33,0.8567991,1.4392077,4,hydrologic data,0.4527
48,34,-0.07098745,-1.8102908,12,handheld ultrasound,0.4587
48,35,0.7292021,-0.850447,12,quantum computing,0.538
48,36,-0.47566128,1.0582552,7,kpi forecasts,0.4364
48,37,-1.2501142,-0.030562907,16,disability analytics,0.5271
48,38,-1.5854218,0.3343566,14,duplicate identification,0.5989
48,39,0.4090086,0.04216398,6,rapid forecasting,0.3981
48,40,0.097144604,-0.7019303,8,synthetic data,0.4304
48,41,1.2410909,0.01962548,6,trained microscopy,0.4717
48,42,0.20467171,-0.08795373,10,predictive analytics,0.5099
48,43,1.0876539,1.7964762,15,drought monitoring,0.5747
48,44,-0.5865459,-1.2434373,9,predict antimicrobial,0.4644
48,45,-1.203651,-1.3986796,8,ehr data,0.6018
48,46,0.76766205,1.2022707,13,random forests,0.4982
48,47,-0.29815346,0.4202314,16,community detection,0.5074
49,0,1.8320029,0.9530452,14,weather prediction,0.5118
49,1,-1.0579114,-0.096039146,8,analysis tool,0.4366
49,2,0.7839553,-0.10117559,20,geochemically informed,0.4985
49,3,-0.559543,-2.0660274,23,predict health,0.4085
49,4,1.0853664,1.709105,22,drought monitoring,0.5549
49,5,-1.3333042,1.2933109,26,chatbot assistant,0.6894
49,6,0.36907828,0.8998288,21,video surveillance,0.5639
49,7,0.7292021,-0.850447,12,quantum computing,0.538
49,8,-0.82660455,-1.4002455,13,drug development,0.4521
49,9,-1.5960164,0.34544834,13,duplicate identification,0.6228
49,10,1.5044599,-0.95761997,17,boiler health,0.5638
49,11,-0.86889046,0.49133688,20,information service,0.5171
49,12,1.3173419,0.5392697,22,tracking detectors,0.4654
49,13,-0.500731,0.4484112,19,text analytics,0.5898
49,14,-0.05014341,0.072675966,6,soils data,0.5119
49,15,0.19988227,-1.1068423,14,cybersecurity monitoring,0.6769
49,16,-1.8059158,-0.20772728,23,payment forecasting,0.5207
49,17,0.42270723,-0.72979015,18,ml cloud,0.5629
49,18,-0.47566128,1.0582552,7,kpi forecasts,0.4364
49,19,-0.7281948,-0.5897714,16,datasets nlm,0.5139
49,20,1.2162478,-0.4822742,28,co2 chemisorption,0.4429
49,21,-0.17877118,-1.8720605,27,google deepmind,0.4132
49,22,1.0990993,2.2787373,16,monitor phytoplankton,0.4708
49,23,0.8495335,0.8142943,19,mars program,0.4776
49,24,0.38297692,0.14043212,3,mineral resources,0.4493
49,25,0.66727006,0.6528466,8,detect airplanes,0.4448
49,26,-1.147516,-1.9273673,8,predict suicide,0.5453
49,27,-0.49063978,-1.1978381,5,predict antimicrobial,0.5434
49,28,-0.8486372,0.9296797,10,speech transcription,0.5539
49,29,-0.120020725,0.64037585,15,net segmentation,0.4941
49,30,0.7810116,1.2724979,16,random forests,0.5082
49,31,-1.3712777,0.06671732,10,disability analytics,0.4885
49,32,1.5257626,-0.22024983,9,computational fluid,0.4831
49,33,0.39362746,0.4387016,11,remote sensing,0.4077
49,34,-0.5482198,0.08283394,16,compliance tool,0.548
49,35,-1.0616815,-0.3955937,9,citation system,0.5836
49,36,-1.1015464,0.7089417,10,occupation autocoder,0.4944
49,37,0.28909993,-0.09674545,11,predictive analytics,0.4937
49,38,-0.8605952,-1.0445838,19,fdalabel tool,0.4647
49,39,1.5799124,0.9962455,16,forecast algal,0.496
49,40,0.7182502,0.22167273,14,offshore landslide,0.4771
49,41,-1.141573,-1.4394678,13,clinical data,0.5907
49,42,0.097144604,-0.7019303,8,synthetic data,0.4304
49,43,-0.76391804,-0.19997413,16,grant applications,0.4861
49,44,1.3623338,0.047167506,11,trained microscopy,0.4867
49,45,-0.33201706,-0.24927337,12,entity recognition,0.4907
49,46,0.55692303,-0.2550731,14,carbon storage,0.5404
49,47,-1.222429,0.43804935,13,form recognizer,0.5858
49,48,-1.0308194,0.20373422,9,receipt analysis,0.4618
50,0,-0.5482198,0.08283394,16,compliance tool,0.548
50,1,0.8495335,0.8142943,19,mars program,0.4776
50,2,-1.0345724,-1.4415694,22,clinical data,0.5029
50,3,1.5257626,-0.22024983,9,computational fluid,0.4831
50,4,0.357336,-0.85184515,13,ml cloud,0.4948
50,5,-1.3333042,1.2933109,26,chatbot assistant,0.6894
50,6,-1.8538501,-0.1651818,17,payment forecasting,0.3935
50,7,1.1007588,2.2964065,15,monitor phytoplankton,0.4708
50,8,-0.17877118,-1.8720605,27,google deepmind,0.4132
50,9,1.2719979,0.58898026,15,deepfake detector,0.5886
50,10,0.7839553,-0.10117559,20,geochemically informed,0.4985
50,11,-0.8551691,-1.0327848,20,fdalabel tool,0.4647
50,12,1.290583,-0.57867974,14,temperature sensing,0.3963
50,13,-1.14383,0.43196163,20,form recognizer,0.5085
50,14,0.4001484,0.37635806,12,robotic inspection,0.4367
50,15,1.6081152,0.9696416,21,marine forecasters,0.5605
50,16,-0.66416943,0.47358727,21,grants analytics,0.5265
50,17,-1.0576136,-0.30734673,14,citation system,0.48
50,18,1.0171018,1.5343329,8,fish data,0.5047
50,19,0.04759569,0.8052578,12,deepcnet based,0.4788
50,20,-0.8371476,0.9407546,9,speech conversion,0.5963
50,21,0.25525782,-0.06780105,13,predictive analytics,0.5099
50,22,-1.3383961,0.05170696,12,disability analytics,0.4885
50,23,-0.76391804,-0.19997413,16,grant applications,0.4861
50,24,-0.28317767,-0.20978001,13,entity recognition,0.5392
50,25,-0.559543,-2.0660274,23,predict health,0.4085
50,26,-1.5960164,0.34544834,13,duplicate identification,0.6228
50,27,0.7719502,-0.94785887,7,distributed control,0.4957
50,28,0.19502847,-1.13682,12,cybersecurity monitoring,0.6811
50,29,-0.5865459,-1.2434373,9,predict antimicrobial,0.4644
50,30,1.5044599,-0.95761997,17,boiler health,0.5638
50,31,0.55041695,-0.24300425,15,carbon storage,0.5404
50,32,1.0922052,1.7824184,17,drought monitoring,0.5747
50,33,-0.47566128,1.0582552,7,kpi forecasts,0.4364
50,34,-1.0031149,0.17203474,9,receipt analysis,0.4618
50,35,1.3623338,0.047167506,11,trained microscopy,0.4867
50,36,-1.147516,-1.9273673,8,predict suicide,0.5453
50,37,-0.2637935,0.44710043,17,community detection,0.5039
50,38,1.3798274,0.39845672,6,fermilab accelerator,0.4932
50,39,0.76743925,1.2427284,14,random forests,0.4947
50,40,1.8778799,0.95585793,10,weather prediction,0.5118
50,41,-1.6701026,-0.3282729,6,logistic regression,0.4894
50,42,-0.7131516,-0.5640229,16,datasets nlm,0.5139
50,43,0.4320443,0.8910558,18,surveillance system,0.5703
50,44,1.1419126,-0.38586864,14,co2 chemisorption,0.4429
50,45,0.6815271,0.6309119,7,unmanned aerial,0.44
50,46,0.7182502,0.22167273,14,offshore landslide,0.4771
50,47,0.53733414,-0.64232147,13,cloud ecosystem,0.5137
50,48,-1.0248991,0.67989814,16,automation with,0.5095
50,49,0.07999413,-0.6788291,7,synthetic data,0.4846
